--
-- PostgreSQL database dump
--

-- Dumped from database version 17.5
-- Dumped by pg_dump version 17.5

-- Started on 2025-12-02 07:05:57

SET statement_timeout = 0;
SET lock_timeout = 0;
SET idle_in_transaction_session_timeout = 0;
SET transaction_timeout = 0;
SET client_encoding = 'UTF8';
SET standard_conforming_strings = on;
SELECT pg_catalog.set_config('search_path', '', false);
SET check_function_bodies = false;
SET xmloption = content;
SET client_min_messages = warning;
SET row_security = off;

SET default_tablespace = '';

SET default_table_access_method = heap;

--
-- TOC entry 270 (class 1259 OID 50039)
-- Name: AI_ReviewAnalysis; Type: TABLE; Schema: public; Owner: postgres
--

CREATE TABLE public."AI_ReviewAnalysis" (
    "AnalysisID" integer NOT NULL,
    "MaDanhGiaDonHang" integer NOT NULL,
    "Sentiment" character varying(20),
    "Severity" character varying(20),
    "FoodIssue" text,
    "DriverIssue" text,
    "StoreIssue" text,
    "OtherIssue" text,
    "MentionLate" boolean,
    "RawJSON" jsonb,
    "NgayPhanTich" timestamp without time zone DEFAULT now()
);


ALTER TABLE public."AI_ReviewAnalysis" OWNER TO postgres;

--
-- TOC entry 269 (class 1259 OID 50038)
-- Name: AI_ReviewAnalysis_AnalysisID_seq; Type: SEQUENCE; Schema: public; Owner: postgres
--

CREATE SEQUENCE public."AI_ReviewAnalysis_AnalysisID_seq"
    AS integer
    START WITH 1
    INCREMENT BY 1
    NO MINVALUE
    NO MAXVALUE
    CACHE 1;


ALTER SEQUENCE public."AI_ReviewAnalysis_AnalysisID_seq" OWNER TO postgres;

--
-- TOC entry 5246 (class 0 OID 0)
-- Dependencies: 269
-- Name: AI_ReviewAnalysis_AnalysisID_seq; Type: SEQUENCE OWNED BY; Schema: public; Owner: postgres
--

ALTER SEQUENCE public."AI_ReviewAnalysis_AnalysisID_seq" OWNED BY public."AI_ReviewAnalysis"."AnalysisID";


--
-- TOC entry 233 (class 1259 OID 25824)
-- Name: BienTheMonAn; Type: TABLE; Schema: public; Owner: postgres
--

CREATE TABLE public."BienTheMonAn" (
    "MaBienThe" integer NOT NULL,
    "MaMonAn" integer NOT NULL,
    "MaSize" integer,
    "GiaBan" numeric(10,2) NOT NULL,
    "TrangThai" character varying(20) DEFAULT 'Active'::character varying
);


ALTER TABLE public."BienTheMonAn" OWNER TO postgres;

--
-- TOC entry 232 (class 1259 OID 25823)
-- Name: BienTheMonAn_MaBienThe_seq; Type: SEQUENCE; Schema: public; Owner: postgres
--

ALTER TABLE public."BienTheMonAn" ALTER COLUMN "MaBienThe" ADD GENERATED BY DEFAULT AS IDENTITY (
    SEQUENCE NAME public."BienTheMonAn_MaBienThe_seq"
    START WITH 1
    INCREMENT BY 1
    NO MINVALUE
    NO MAXVALUE
    CACHE 1
);


--
-- TOC entry 249 (class 1259 OID 25895)
-- Name: ChiTietDonHang; Type: TABLE; Schema: public; Owner: postgres
--

CREATE TABLE public."ChiTietDonHang" (
    "MaChiTiet" integer NOT NULL,
    "MaDonHang" integer NOT NULL,
    "MaBienThe" integer NOT NULL,
    "MaDeBanh" integer,
    "SoLuong" integer DEFAULT 1 NOT NULL,
    "DonGia" numeric(10,2) NOT NULL,
    "ThanhTien" numeric(10,2) NOT NULL,
    "Loai" character varying(20) DEFAULT 'SP'::character varying NOT NULL,
    "MaCombo" integer
);


ALTER TABLE public."ChiTietDonHang" OWNER TO postgres;

--
-- TOC entry 258 (class 1259 OID 33425)
-- Name: ChiTietDonHang_ChiTietCombo; Type: TABLE; Schema: public; Owner: postgres
--

CREATE TABLE public."ChiTietDonHang_ChiTietCombo" (
    "MaCTDH_Combo" integer NOT NULL,
    "MaChiTietDonHang" integer NOT NULL,
    "SoLuong" integer DEFAULT 1 NOT NULL,
    "MaBienThe" integer,
    "MaDeBanh" integer
);


ALTER TABLE public."ChiTietDonHang_ChiTietCombo" OWNER TO postgres;

--
-- TOC entry 257 (class 1259 OID 33424)
-- Name: ChiTietDonHang_ChiTietCombo_MaCTDH_Combo_seq; Type: SEQUENCE; Schema: public; Owner: postgres
--

CREATE SEQUENCE public."ChiTietDonHang_ChiTietCombo_MaCTDH_Combo_seq"
    AS integer
    START WITH 1
    INCREMENT BY 1
    NO MINVALUE
    NO MAXVALUE
    CACHE 1;


ALTER SEQUENCE public."ChiTietDonHang_ChiTietCombo_MaCTDH_Combo_seq" OWNER TO postgres;

--
-- TOC entry 5247 (class 0 OID 0)
-- Dependencies: 257
-- Name: ChiTietDonHang_ChiTietCombo_MaCTDH_Combo_seq; Type: SEQUENCE OWNED BY; Schema: public; Owner: postgres
--

ALTER SEQUENCE public."ChiTietDonHang_ChiTietCombo_MaCTDH_Combo_seq" OWNED BY public."ChiTietDonHang_ChiTietCombo"."MaCTDH_Combo";


--
-- TOC entry 248 (class 1259 OID 25894)
-- Name: ChiTietDonHang_MaChiTiet_seq; Type: SEQUENCE; Schema: public; Owner: postgres
--

ALTER TABLE public."ChiTietDonHang" ALTER COLUMN "MaChiTiet" ADD GENERATED BY DEFAULT AS IDENTITY (
    SEQUENCE NAME public."ChiTietDonHang_MaChiTiet_seq"
    START WITH 1
    INCREMENT BY 1
    NO MINVALUE
    NO MAXVALUE
    CACHE 1
);


--
-- TOC entry 250 (class 1259 OID 25901)
-- Name: ChiTietDonHang_TuyChon; Type: TABLE; Schema: public; Owner: postgres
--

CREATE TABLE public."ChiTietDonHang_TuyChon" (
    "MaChiTiet" integer NOT NULL,
    "MaTuyChon" integer NOT NULL,
    "GiaThem" numeric(10,2) NOT NULL
);


ALTER TABLE public."ChiTietDonHang_TuyChon" OWNER TO postgres;

--
-- TOC entry 220 (class 1259 OID 25767)
-- Name: CoSo; Type: TABLE; Schema: public; Owner: postgres
--

CREATE TABLE public."CoSo" (
    "MaCoSo" integer NOT NULL,
    "TenCoSo" character varying(255) NOT NULL,
    "SoDienThoai" character varying(20),
    "SoNhaDuong" character varying(255),
    "PhuongXa" character varying(100),
    "QuanHuyen" character varying(100),
    "ThanhPho" character varying(100),
    "KinhDo" numeric(11,8),
    "ViDo" numeric(10,8)
);


ALTER TABLE public."CoSo" OWNER TO postgres;

--
-- TOC entry 219 (class 1259 OID 25766)
-- Name: CoSo_MaCoSo_seq; Type: SEQUENCE; Schema: public; Owner: postgres
--

ALTER TABLE public."CoSo" ALTER COLUMN "MaCoSo" ADD GENERATED BY DEFAULT AS IDENTITY (
    SEQUENCE NAME public."CoSo_MaCoSo_seq"
    START WITH 1
    INCREMENT BY 1
    NO MINVALUE
    NO MAXVALUE
    CACHE 1
);


--
-- TOC entry 256 (class 1259 OID 33347)
-- Name: Combo; Type: TABLE; Schema: public; Owner: postgres
--

CREATE TABLE public."Combo" (
    "MaCombo" integer NOT NULL,
    "TenCombo" character varying(255) NOT NULL,
    "MoTa" text,
    "HinhAnh" character varying(255),
    "GiaCombo" numeric(10,2) NOT NULL,
    "TrangThai" character varying(20) DEFAULT 'Active'::character varying,
    "NgayTao" timestamp without time zone DEFAULT now(),
    "NgayCapNhat" timestamp without time zone DEFAULT now(),
    "ThoiGianHetHan" timestamp without time zone DEFAULT '2999-12-31 23:59:59'::timestamp without time zone NOT NULL
);


ALTER TABLE public."Combo" OWNER TO postgres;

--
-- TOC entry 265 (class 1259 OID 33610)
-- Name: Combo_ChiTiet; Type: TABLE; Schema: public; Owner: postgres
--

CREATE TABLE public."Combo_ChiTiet" (
    "MaCTCombo" integer NOT NULL,
    "MaCombo" integer NOT NULL,
    "MaBienThe" integer NOT NULL,
    "SoLuong" integer DEFAULT 1 NOT NULL,
    "MaDeBanh" integer
);


ALTER TABLE public."Combo_ChiTiet" OWNER TO postgres;

--
-- TOC entry 264 (class 1259 OID 33609)
-- Name: Combo_ChiTiet_MaCTCombo_seq; Type: SEQUENCE; Schema: public; Owner: postgres
--

ALTER TABLE public."Combo_ChiTiet" ALTER COLUMN "MaCTCombo" ADD GENERATED BY DEFAULT AS IDENTITY (
    SEQUENCE NAME public."Combo_ChiTiet_MaCTCombo_seq"
    START WITH 1
    INCREMENT BY 1
    NO MINVALUE
    NO MAXVALUE
    CACHE 1
);


--
-- TOC entry 255 (class 1259 OID 33346)
-- Name: Combo_MaCombo_seq; Type: SEQUENCE; Schema: public; Owner: postgres
--

CREATE SEQUENCE public."Combo_MaCombo_seq"
    AS integer
    START WITH 1
    INCREMENT BY 1
    NO MINVALUE
    NO MAXVALUE
    CACHE 1;


ALTER SEQUENCE public."Combo_MaCombo_seq" OWNER TO postgres;

--
-- TOC entry 5248 (class 0 OID 0)
-- Dependencies: 255
-- Name: Combo_MaCombo_seq; Type: SEQUENCE OWNED BY; Schema: public; Owner: postgres
--

ALTER SEQUENCE public."Combo_MaCombo_seq" OWNED BY public."Combo"."MaCombo";


--
-- TOC entry 254 (class 1259 OID 25918)
-- Name: DanhGiaDonHang; Type: TABLE; Schema: public; Owner: postgres
--

CREATE TABLE public."DanhGiaDonHang" (
    "MaDanhGiaDonHang" integer NOT NULL,
    "MaDonHang" integer NOT NULL,
    "SoSao" integer NOT NULL,
    "BinhLuan" text,
    "NgayDanhGia" timestamp without time zone DEFAULT now() NOT NULL
);


ALTER TABLE public."DanhGiaDonHang" OWNER TO postgres;

--
-- TOC entry 260 (class 1259 OID 33450)
-- Name: DanhGiaMonAn; Type: TABLE; Schema: public; Owner: postgres
--

CREATE TABLE public."DanhGiaMonAn" (
    "MaDanhGiaMonAn" integer NOT NULL,
    "MaMonAn" integer NOT NULL,
    "MaTaiKhoan" integer NOT NULL,
    "SoSao" smallint NOT NULL,
    "NoiDung" text,
    "NgayDanhGia" timestamp without time zone DEFAULT now(),
    "TrangThai" character varying(20) DEFAULT 'Chờ duyệt'::character varying,
    CONSTRAINT "DanhGiaMonAn_SoSao_check" CHECK ((("SoSao" >= 1) AND ("SoSao" <= 5)))
);


ALTER TABLE public."DanhGiaMonAn" OWNER TO postgres;

--
-- TOC entry 259 (class 1259 OID 33449)
-- Name: DanhGiaMonAn_MaDanhGiaMonAn_seq; Type: SEQUENCE; Schema: public; Owner: postgres
--

CREATE SEQUENCE public."DanhGiaMonAn_MaDanhGiaMonAn_seq"
    AS integer
    START WITH 1
    INCREMENT BY 1
    NO MINVALUE
    NO MAXVALUE
    CACHE 1;


ALTER SEQUENCE public."DanhGiaMonAn_MaDanhGiaMonAn_seq" OWNER TO postgres;

--
-- TOC entry 5249 (class 0 OID 0)
-- Dependencies: 259
-- Name: DanhGiaMonAn_MaDanhGiaMonAn_seq; Type: SEQUENCE OWNED BY; Schema: public; Owner: postgres
--

ALTER SEQUENCE public."DanhGiaMonAn_MaDanhGiaMonAn_seq" OWNED BY public."DanhGiaMonAn"."MaDanhGiaMonAn";


--
-- TOC entry 253 (class 1259 OID 25917)
-- Name: DanhGia_MaDanhGia_seq; Type: SEQUENCE; Schema: public; Owner: postgres
--

ALTER TABLE public."DanhGiaDonHang" ALTER COLUMN "MaDanhGiaDonHang" ADD GENERATED BY DEFAULT AS IDENTITY (
    SEQUENCE NAME public."DanhGia_MaDanhGia_seq"
    START WITH 1
    INCREMENT BY 1
    NO MINVALUE
    NO MAXVALUE
    CACHE 1
);


--
-- TOC entry 226 (class 1259 OID 25795)
-- Name: DanhMuc; Type: TABLE; Schema: public; Owner: postgres
--

CREATE TABLE public."DanhMuc" (
    "MaDanhMuc" integer NOT NULL,
    "TenDanhMuc" character varying(100) NOT NULL
);


ALTER TABLE public."DanhMuc" OWNER TO postgres;

--
-- TOC entry 225 (class 1259 OID 25794)
-- Name: DanhMuc_MaDanhMuc_seq; Type: SEQUENCE; Schema: public; Owner: postgres
--

ALTER TABLE public."DanhMuc" ALTER COLUMN "MaDanhMuc" ADD GENERATED BY DEFAULT AS IDENTITY (
    SEQUENCE NAME public."DanhMuc_MaDanhMuc_seq"
    START WITH 1
    INCREMENT BY 1
    NO MINVALUE
    NO MAXVALUE
    CACHE 1
);


--
-- TOC entry 235 (class 1259 OID 25830)
-- Name: DeBanh; Type: TABLE; Schema: public; Owner: postgres
--

CREATE TABLE public."DeBanh" (
    "MaDeBanh" integer NOT NULL,
    "TenDeBanh" character varying(100) NOT NULL
);


ALTER TABLE public."DeBanh" OWNER TO postgres;

--
-- TOC entry 234 (class 1259 OID 25829)
-- Name: DeBanh_MaDeBanh_seq; Type: SEQUENCE; Schema: public; Owner: postgres
--

ALTER TABLE public."DeBanh" ALTER COLUMN "MaDeBanh" ADD GENERATED BY DEFAULT AS IDENTITY (
    SEQUENCE NAME public."DeBanh_MaDeBanh_seq"
    START WITH 1
    INCREMENT BY 1
    NO MINVALUE
    NO MAXVALUE
    CACHE 1
);


--
-- TOC entry 245 (class 1259 OID 25877)
-- Name: DonHang; Type: TABLE; Schema: public; Owner: postgres
--

CREATE TABLE public."DonHang" (
    "MaDonHang" integer NOT NULL,
    "MaNguoiDung" integer,
    "MaCoSo" integer NOT NULL,
    "MaNguoiDungGiaoHang" integer,
    "MaVoucher" character varying(50),
    "NgayDat" timestamp without time zone DEFAULT now() NOT NULL,
    "ThoiGianGiaoDuKien" timestamp without time zone,
    "TienTruocGiamGia" numeric(10,2),
    "TienGiamGia" numeric(10,2),
    "TongTien" numeric(10,2) NOT NULL,
    "GhiChu" text,
    "TenNguoiNhan" character varying(255),
    "SoDienThoaiGiaoHang" character varying(20),
    "SoNhaDuongGiaoHang" character varying(255),
    "PhuongXaGiaoHang" character varying(100),
    "QuanHuyenGiaoHang" character varying(100),
    "ThanhPhoGiaoHang" character varying(100),
    "PhiShip" numeric(10,2) DEFAULT 0 NOT NULL
);


ALTER TABLE public."DonHang" OWNER TO postgres;

--
-- TOC entry 244 (class 1259 OID 25876)
-- Name: DonHang_MaDonHang_seq; Type: SEQUENCE; Schema: public; Owner: postgres
--

ALTER TABLE public."DonHang" ALTER COLUMN "MaDonHang" ADD GENERATED BY DEFAULT AS IDENTITY (
    SEQUENCE NAME public."DonHang_MaDonHang_seq"
    START WITH 1
    INCREMENT BY 1
    NO MINVALUE
    NO MAXVALUE
    CACHE 1
);


--
-- TOC entry 268 (class 1259 OID 41836)
-- Name: DonHang_QuaTang; Type: TABLE; Schema: public; Owner: postgres
--

CREATE TABLE public."DonHang_QuaTang" (
    "MaDonHang" integer NOT NULL,
    "MaQuaTang" integer NOT NULL,
    "SoLuong" integer DEFAULT 1
);


ALTER TABLE public."DonHang_QuaTang" OWNER TO postgres;

--
-- TOC entry 262 (class 1259 OID 33475)
-- Name: KhuyenMai; Type: TABLE; Schema: public; Owner: postgres
--

CREATE TABLE public."KhuyenMai" (
    "MaKhuyenMai" integer NOT NULL,
    "TenKhuyenMai" character varying(255) NOT NULL,
    "MoTa" text,
    "KMLoai" character varying(20) NOT NULL,
    "KMGiaTri" numeric(10,2) NOT NULL,
    "KMBatDau" timestamp without time zone NOT NULL,
    "KMKetThuc" timestamp without time zone NOT NULL,
    "TrangThai" character varying(20) DEFAULT 'Active'::character varying
);


ALTER TABLE public."KhuyenMai" OWNER TO postgres;

--
-- TOC entry 261 (class 1259 OID 33474)
-- Name: KhuyenMai_MaKhuyenMai_seq; Type: SEQUENCE; Schema: public; Owner: postgres
--

CREATE SEQUENCE public."KhuyenMai_MaKhuyenMai_seq"
    AS integer
    START WITH 1
    INCREMENT BY 1
    NO MINVALUE
    NO MAXVALUE
    CACHE 1;


ALTER SEQUENCE public."KhuyenMai_MaKhuyenMai_seq" OWNER TO postgres;

--
-- TOC entry 5250 (class 0 OID 0)
-- Dependencies: 261
-- Name: KhuyenMai_MaKhuyenMai_seq; Type: SEQUENCE OWNED BY; Schema: public; Owner: postgres
--

ALTER SEQUENCE public."KhuyenMai_MaKhuyenMai_seq" OWNED BY public."KhuyenMai"."MaKhuyenMai";


--
-- TOC entry 247 (class 1259 OID 25886)
-- Name: LichSuTrangThaiDonHang; Type: TABLE; Schema: public; Owner: postgres
--

CREATE TABLE public."LichSuTrangThaiDonHang" (
    "MaLichSu" integer NOT NULL,
    "MaDonHang" integer NOT NULL,
    "TrangThai" character varying(50) NOT NULL,
    "ThoiGianCapNhat" timestamp without time zone DEFAULT now() NOT NULL,
    "GhiChu" text
);


ALTER TABLE public."LichSuTrangThaiDonHang" OWNER TO postgres;

--
-- TOC entry 246 (class 1259 OID 25885)
-- Name: LichSuTrangThaiDonHang_MaLichSu_seq; Type: SEQUENCE; Schema: public; Owner: postgres
--

ALTER TABLE public."LichSuTrangThaiDonHang" ALTER COLUMN "MaLichSu" ADD GENERATED BY DEFAULT AS IDENTITY (
    SEQUENCE NAME public."LichSuTrangThaiDonHang_MaLichSu_seq"
    START WITH 1
    INCREMENT BY 1
    NO MINVALUE
    NO MAXVALUE
    CACHE 1
);


--
-- TOC entry 224 (class 1259 OID 25787)
-- Name: LoaiMonAn; Type: TABLE; Schema: public; Owner: postgres
--

CREATE TABLE public."LoaiMonAn" (
    "MaLoaiMonAn" integer NOT NULL,
    "TenLoaiMonAn" character varying(100) NOT NULL
);


ALTER TABLE public."LoaiMonAn" OWNER TO postgres;

--
-- TOC entry 223 (class 1259 OID 25786)
-- Name: LoaiMonAn_MaLoaiMonAn_seq; Type: SEQUENCE; Schema: public; Owner: postgres
--

ALTER TABLE public."LoaiMonAn" ALTER COLUMN "MaLoaiMonAn" ADD GENERATED BY DEFAULT AS IDENTITY (
    SEQUENCE NAME public."LoaiMonAn_MaLoaiMonAn_seq"
    START WITH 1
    INCREMENT BY 1
    NO MINVALUE
    NO MAXVALUE
    CACHE 1
);


--
-- TOC entry 238 (class 1259 OID 25843)
-- Name: LoaiTuyChon; Type: TABLE; Schema: public; Owner: postgres
--

CREATE TABLE public."LoaiTuyChon" (
    "MaLoaiTuyChon" integer NOT NULL,
    "TenLoaiTuyChon" character varying(100) NOT NULL
);


ALTER TABLE public."LoaiTuyChon" OWNER TO postgres;

--
-- TOC entry 237 (class 1259 OID 25842)
-- Name: LoaiTuyChon_MaLoaiTuyChon_seq; Type: SEQUENCE; Schema: public; Owner: postgres
--

ALTER TABLE public."LoaiTuyChon" ALTER COLUMN "MaLoaiTuyChon" ADD GENERATED BY DEFAULT AS IDENTITY (
    SEQUENCE NAME public."LoaiTuyChon_MaLoaiTuyChon_seq"
    START WITH 1
    INCREMENT BY 1
    NO MINVALUE
    NO MAXVALUE
    CACHE 1
);


--
-- TOC entry 228 (class 1259 OID 25803)
-- Name: MonAn; Type: TABLE; Schema: public; Owner: postgres
--

CREATE TABLE public."MonAn" (
    "MaMonAn" integer NOT NULL,
    "TenMonAn" character varying(255) NOT NULL,
    "MoTa" text,
    "HinhAnh" character varying(255),
    "MaLoaiMonAn" integer NOT NULL,
    "TrangThai" character varying(20) DEFAULT 'Active'::character varying,
    "DeXuat" boolean DEFAULT false NOT NULL
);


ALTER TABLE public."MonAn" OWNER TO postgres;

--
-- TOC entry 229 (class 1259 OID 25810)
-- Name: MonAn_DanhMuc; Type: TABLE; Schema: public; Owner: postgres
--

CREATE TABLE public."MonAn_DanhMuc" (
    "MaMonAn" integer NOT NULL,
    "MaDanhMuc" integer NOT NULL
);


ALTER TABLE public."MonAn_DanhMuc" OWNER TO postgres;

--
-- TOC entry 236 (class 1259 OID 25837)
-- Name: MonAn_DeBanh; Type: TABLE; Schema: public; Owner: postgres
--

CREATE TABLE public."MonAn_DeBanh" (
    "MaMonAn" integer NOT NULL,
    "MaDeBanh" integer NOT NULL
);


ALTER TABLE public."MonAn_DeBanh" OWNER TO postgres;

--
-- TOC entry 263 (class 1259 OID 33484)
-- Name: MonAn_KhuyenMai; Type: TABLE; Schema: public; Owner: postgres
--

CREATE TABLE public."MonAn_KhuyenMai" (
    "MaMonAn" integer NOT NULL,
    "MaKhuyenMai" integer NOT NULL
);


ALTER TABLE public."MonAn_KhuyenMai" OWNER TO postgres;

--
-- TOC entry 227 (class 1259 OID 25802)
-- Name: MonAn_MaMonAn_seq; Type: SEQUENCE; Schema: public; Owner: postgres
--

ALTER TABLE public."MonAn" ALTER COLUMN "MaMonAn" ADD GENERATED BY DEFAULT AS IDENTITY (
    SEQUENCE NAME public."MonAn_MaMonAn_seq"
    START WITH 1
    INCREMENT BY 1
    NO MINVALUE
    NO MAXVALUE
    CACHE 1
);


--
-- TOC entry 242 (class 1259 OID 25862)
-- Name: MonAn_TuyChon; Type: TABLE; Schema: public; Owner: postgres
--

CREATE TABLE public."MonAn_TuyChon" (
    "MaMonAn" integer NOT NULL,
    "MaTuyChon" integer NOT NULL
);


ALTER TABLE public."MonAn_TuyChon" OWNER TO postgres;

--
-- TOC entry 222 (class 1259 OID 25775)
-- Name: NguoiDung; Type: TABLE; Schema: public; Owner: postgres
--

CREATE TABLE public."NguoiDung" (
    "MaNguoiDung" integer NOT NULL,
    "MaTaiKhoan" integer,
    "MaCoSo" integer,
    "HoTen" character varying(255) NOT NULL,
    "SoDienThoai" character varying(20),
    "SoNhaDuong" character varying(255),
    "PhuongXa" character varying(100),
    "QuanHuyen" character varying(100),
    "ThanhPho" character varying(100)
);


ALTER TABLE public."NguoiDung" OWNER TO postgres;

--
-- TOC entry 221 (class 1259 OID 25774)
-- Name: NguoiDung_MaNguoiDung_seq; Type: SEQUENCE; Schema: public; Owner: postgres
--

ALTER TABLE public."NguoiDung" ALTER COLUMN "MaNguoiDung" ADD GENERATED BY DEFAULT AS IDENTITY (
    SEQUENCE NAME public."NguoiDung_MaNguoiDung_seq"
    START WITH 1
    INCREMENT BY 1
    NO MINVALUE
    NO MAXVALUE
    CACHE 1
);


--
-- TOC entry 267 (class 1259 OID 41826)
-- Name: QuaTang; Type: TABLE; Schema: public; Owner: postgres
--

CREATE TABLE public."QuaTang" (
    "MaQuaTang" integer NOT NULL,
    "TenQuaTang" character varying(255) NOT NULL,
    "MoTa" text,
    "HinhAnh" character varying(255),
    "CapDo" character varying(50) NOT NULL,
    "TyLeXuatHien" numeric(5,2),
    "TrangThai" character varying(20) DEFAULT 'Active'::character varying
);


ALTER TABLE public."QuaTang" OWNER TO postgres;

--
-- TOC entry 266 (class 1259 OID 41825)
-- Name: QuaTang_MaQuaTang_seq; Type: SEQUENCE; Schema: public; Owner: postgres
--

CREATE SEQUENCE public."QuaTang_MaQuaTang_seq"
    AS integer
    START WITH 1
    INCREMENT BY 1
    NO MINVALUE
    NO MAXVALUE
    CACHE 1;


ALTER SEQUENCE public."QuaTang_MaQuaTang_seq" OWNER TO postgres;

--
-- TOC entry 5251 (class 0 OID 0)
-- Dependencies: 266
-- Name: QuaTang_MaQuaTang_seq; Type: SEQUENCE OWNED BY; Schema: public; Owner: postgres
--

ALTER SEQUENCE public."QuaTang_MaQuaTang_seq" OWNED BY public."QuaTang"."MaQuaTang";


--
-- TOC entry 231 (class 1259 OID 25816)
-- Name: Size; Type: TABLE; Schema: public; Owner: postgres
--

CREATE TABLE public."Size" (
    "MaSize" integer NOT NULL,
    "TenSize" character varying(50) NOT NULL
);


ALTER TABLE public."Size" OWNER TO postgres;

--
-- TOC entry 230 (class 1259 OID 25815)
-- Name: Size_MaSize_seq; Type: SEQUENCE; Schema: public; Owner: postgres
--

ALTER TABLE public."Size" ALTER COLUMN "MaSize" ADD GENERATED BY DEFAULT AS IDENTITY (
    SEQUENCE NAME public."Size_MaSize_seq"
    START WITH 1
    INCREMENT BY 1
    NO MINVALUE
    NO MAXVALUE
    CACHE 1
);


--
-- TOC entry 218 (class 1259 OID 25759)
-- Name: TaiKhoan; Type: TABLE; Schema: public; Owner: postgres
--

CREATE TABLE public."TaiKhoan" (
    "MaTaiKhoan" integer NOT NULL,
    "Email" character varying(100) NOT NULL,
    "MatKhau" character varying(255) NOT NULL,
    "Role" character varying(50) NOT NULL,
    "TrangThai" character varying(20) DEFAULT 'Active'::character varying NOT NULL
);


ALTER TABLE public."TaiKhoan" OWNER TO postgres;

--
-- TOC entry 217 (class 1259 OID 25758)
-- Name: TaiKhoan_MaTaiKhoan_seq; Type: SEQUENCE; Schema: public; Owner: postgres
--

ALTER TABLE public."TaiKhoan" ALTER COLUMN "MaTaiKhoan" ADD GENERATED BY DEFAULT AS IDENTITY (
    SEQUENCE NAME public."TaiKhoan_MaTaiKhoan_seq"
    START WITH 1
    INCREMENT BY 1
    NO MINVALUE
    NO MAXVALUE
    CACHE 1
);


--
-- TOC entry 252 (class 1259 OID 25907)
-- Name: ThanhToan; Type: TABLE; Schema: public; Owner: postgres
--

CREATE TABLE public."ThanhToan" (
    "MaThanhToan" integer NOT NULL,
    "MaDonHang" integer,
    "PhuongThuc" character varying(50) NOT NULL,
    "MaGiaoDich" character varying(255),
    "SoTien" numeric(10,2) NOT NULL,
    "TrangThai" character varying(50) NOT NULL,
    "ThoiGian" timestamp without time zone DEFAULT now() NOT NULL
);


ALTER TABLE public."ThanhToan" OWNER TO postgres;

--
-- TOC entry 251 (class 1259 OID 25906)
-- Name: ThanhToan_MaThanhToan_seq; Type: SEQUENCE; Schema: public; Owner: postgres
--

ALTER TABLE public."ThanhToan" ALTER COLUMN "MaThanhToan" ADD GENERATED BY DEFAULT AS IDENTITY (
    SEQUENCE NAME public."ThanhToan_MaThanhToan_seq"
    START WITH 1
    INCREMENT BY 1
    NO MINVALUE
    NO MAXVALUE
    CACHE 1
);


--
-- TOC entry 240 (class 1259 OID 25851)
-- Name: TuyChon; Type: TABLE; Schema: public; Owner: postgres
--

CREATE TABLE public."TuyChon" (
    "MaTuyChon" integer NOT NULL,
    "TenTuyChon" character varying(100) NOT NULL,
    "MaLoaiTuyChon" integer NOT NULL,
    "TrangThai" character varying(10) DEFAULT 'Active'::character varying NOT NULL
);


ALTER TABLE public."TuyChon" OWNER TO postgres;

--
-- TOC entry 241 (class 1259 OID 25856)
-- Name: TuyChon_Gia; Type: TABLE; Schema: public; Owner: postgres
--

CREATE TABLE public."TuyChon_Gia" (
    "MaTuyChon" integer NOT NULL,
    "MaSize" integer NOT NULL,
    "GiaThem" numeric(10,2) DEFAULT 0 NOT NULL
);


ALTER TABLE public."TuyChon_Gia" OWNER TO postgres;

--
-- TOC entry 239 (class 1259 OID 25850)
-- Name: TuyChon_MaTuyChon_seq; Type: SEQUENCE; Schema: public; Owner: postgres
--

ALTER TABLE public."TuyChon" ALTER COLUMN "MaTuyChon" ADD GENERATED BY DEFAULT AS IDENTITY (
    SEQUENCE NAME public."TuyChon_MaTuyChon_seq"
    START WITH 1
    INCREMENT BY 1
    NO MINVALUE
    NO MAXVALUE
    CACHE 1
);


--
-- TOC entry 243 (class 1259 OID 25867)
-- Name: Voucher; Type: TABLE; Schema: public; Owner: postgres
--

CREATE TABLE public."Voucher" (
    "MaVoucher" character varying(50) NOT NULL,
    "MoTa" text NOT NULL,
    "LoaiGiamGia" character varying(20) NOT NULL,
    "GiaTri" numeric(10,2) NOT NULL,
    "DieuKienApDung" numeric(10,2) DEFAULT 0,
    "NgayBatDau" timestamp without time zone,
    "NgayKetThuc" timestamp without time zone,
    "SoLuong" integer,
    "TrangThai" character varying(20) DEFAULT 'Active'::character varying NOT NULL
);


ALTER TABLE public."Voucher" OWNER TO postgres;

--
-- TOC entry 4915 (class 2604 OID 50042)
-- Name: AI_ReviewAnalysis AnalysisID; Type: DEFAULT; Schema: public; Owner: postgres
--

ALTER TABLE ONLY public."AI_ReviewAnalysis" ALTER COLUMN "AnalysisID" SET DEFAULT nextval('public."AI_ReviewAnalysis_AnalysisID_seq"'::regclass);


--
-- TOC entry 4904 (class 2604 OID 33428)
-- Name: ChiTietDonHang_ChiTietCombo MaCTDH_Combo; Type: DEFAULT; Schema: public; Owner: postgres
--

ALTER TABLE ONLY public."ChiTietDonHang_ChiTietCombo" ALTER COLUMN "MaCTDH_Combo" SET DEFAULT nextval('public."ChiTietDonHang_ChiTietCombo_MaCTDH_Combo_seq"'::regclass);


--
-- TOC entry 4899 (class 2604 OID 33350)
-- Name: Combo MaCombo; Type: DEFAULT; Schema: public; Owner: postgres
--

ALTER TABLE ONLY public."Combo" ALTER COLUMN "MaCombo" SET DEFAULT nextval('public."Combo_MaCombo_seq"'::regclass);


--
-- TOC entry 4906 (class 2604 OID 33453)
-- Name: DanhGiaMonAn MaDanhGiaMonAn; Type: DEFAULT; Schema: public; Owner: postgres
--

ALTER TABLE ONLY public."DanhGiaMonAn" ALTER COLUMN "MaDanhGiaMonAn" SET DEFAULT nextval('public."DanhGiaMonAn_MaDanhGiaMonAn_seq"'::regclass);


--
-- TOC entry 4909 (class 2604 OID 33478)
-- Name: KhuyenMai MaKhuyenMai; Type: DEFAULT; Schema: public; Owner: postgres
--

ALTER TABLE ONLY public."KhuyenMai" ALTER COLUMN "MaKhuyenMai" SET DEFAULT nextval('public."KhuyenMai_MaKhuyenMai_seq"'::regclass);


--
-- TOC entry 4912 (class 2604 OID 41829)
-- Name: QuaTang MaQuaTang; Type: DEFAULT; Schema: public; Owner: postgres
--

ALTER TABLE ONLY public."QuaTang" ALTER COLUMN "MaQuaTang" SET DEFAULT nextval('public."QuaTang_MaQuaTang_seq"'::regclass);


--
-- TOC entry 5240 (class 0 OID 50039)
-- Dependencies: 270
-- Data for Name: AI_ReviewAnalysis; Type: TABLE DATA; Schema: public; Owner: postgres
--

COPY public."AI_ReviewAnalysis" ("AnalysisID", "MaDanhGiaDonHang", "Sentiment", "Severity", "FoodIssue", "DriverIssue", "StoreIssue", "OtherIssue", "MentionLate", "RawJSON", "NgayPhanTich") FROM stdin;
6	11	Negative	High	\N	Slow delivery	Incorrect order	\N	t	{"Severity": "High", "FoodIssue": null, "Sentiment": "Negative", "OtherIssue": null, "StoreIssue": "Incorrect order", "DriverIssue": "Slow delivery", "MentionLate": true}	2025-12-01 20:27:44.816
7	12	Negative	High	Food quality was very poor/terrible.	Driver's attitude was unpleasant.	\N	\N	f	{"Severity": "High", "FoodIssue": "Food quality was very poor/terrible.", "Sentiment": "Negative", "OtherIssue": null, "StoreIssue": null, "DriverIssue": "Driver's attitude was unpleasant.", "MentionLate": false}	2025-12-02 06:44:36.589
\.


--
-- TOC entry 5203 (class 0 OID 25824)
-- Dependencies: 233
-- Data for Name: BienTheMonAn; Type: TABLE DATA; Schema: public; Owner: postgres
--

COPY public."BienTheMonAn" ("MaBienThe", "MaMonAn", "MaSize", "GiaBan", "TrangThai") FROM stdin;
7	4	1	235000.00	Active
8	4	2	325000.00	Active
9	5	1	235000.00	Active
10	5	2	325000.00	Active
11	6	1	205000.00	Active
12	6	2	295000.00	Active
15	8	\N	49000.00	Active
16	9	\N	20000.00	Active
17	10	1	165000.00	Active
18	10	2	205000.00	Active
19	11	\N	255000.00	Ẩn
20	11	1	255000.00	Active
21	11	2	300000.00	Active
3	2	1	225000.00	Active
4	2	2	315000.00	Active
5	3	1	245000.00	Active
6	3	2	335000.00	Active
2	1	2	325000.00	Inactive
1	1	1	100000.00	Inactive
22	1	\N	325000.00	Active
14	7	2	305000.00	Inactive
23	7	\N	215000.00	Inactive
13	7	1	215000.00	Active
\.


--
-- TOC entry 5219 (class 0 OID 25895)
-- Dependencies: 249
-- Data for Name: ChiTietDonHang; Type: TABLE DATA; Schema: public; Owner: postgres
--

COPY public."ChiTietDonHang" ("MaChiTiet", "MaDonHang", "MaBienThe", "MaDeBanh", "SoLuong", "DonGia", "ThanhTien", "Loai", "MaCombo") FROM stdin;
83	42	17	\N	1	325000.00	325000.00	CB	1
84	43	3	1	1	225000.00	225000.00	SP	\N
85	43	1	1	1	235000.00	235000.00	SP	\N
86	43	17	\N	1	325000.00	325000.00	CB	1
87	44	3	1	1	225000.00	225000.00	SP	\N
88	44	1	1	1	235000.00	235000.00	SP	\N
89	44	1	1	1	265000.00	265000.00	SP	\N
90	45	3	1	1	225000.00	225000.00	SP	\N
91	46	3	1	1	225000.00	225000.00	SP	\N
92	47	3	1	1	225000.00	225000.00	SP	\N
93	48	1	1	1	265000.00	265000.00	SP	\N
94	49	2	1	1	325000.00	325000.00	SP	\N
95	50	3	1	1	225000.00	225000.00	SP	\N
96	51	1	1	1	235000.00	235000.00	SP	\N
97	52	17	\N	1	325000.00	325000.00	CB	1
98	52	11	1	1	205000.00	205000.00	SP	\N
99	53	3	1	1	225000.00	225000.00	SP	\N
100	54	1	1	1	235000.00	235000.00	SP	\N
101	55	3	1	1	225000.00	225000.00	SP	\N
102	56	1	1	1	235000.00	235000.00	SP	\N
103	57	1	1	1	235000.00	235000.00	SP	\N
104	58	17	\N	1	325000.00	325000.00	CB	1
105	59	17	\N	1	325000.00	325000.00	CB	1
106	60	3	1	1	225000.00	225000.00	SP	\N
107	61	3	1	1	225000.00	225000.00	SP	\N
108	62	1	1	1	235000.00	235000.00	SP	\N
109	63	3	1	1	225000.00	225000.00	SP	\N
110	63	17	\N	1	325000.00	325000.00	CB	1
111	64	1	1	1	164500.00	164500.00	SP	\N
112	65	5	1	1	171500.00	171500.00	SP	\N
113	66	3	1	1	225000.00	225000.00	SP	\N
114	67	1	1	1	164500.00	164500.00	SP	\N
115	67	3	1	1	225000.00	225000.00	SP	\N
116	68	1	1	1	164500.00	164500.00	SP	\N
117	68	3	1	1	225000.00	225000.00	SP	\N
118	68	5	1	1	171500.00	171500.00	SP	\N
119	69	20	1	2	255000.00	510000.00	SP	\N
120	70	1	1	1	210000.00	210000.00	SP	\N
121	71	17	\N	1	325000.00	325000.00	CB	1
122	72	2	1	2	227500.00	455000.00	SP	\N
123	73	13	1	18	175000.00	3150000.00	SP	\N
124	74	13	1	1	175000.00	175000.00	SP	\N
125	75	13	1	1	175000.00	175000.00	SP	\N
126	75	2	1	1	285000.00	285000.00	SP	\N
127	75	17	\N	1	325000.00	325000.00	CB	1
128	76	2	1	1	285000.00	285000.00	SP	\N
129	76	15	1	1	9000.00	9000.00	SP	\N
130	76	17	\N	1	325000.00	325000.00	CB	1
131	77	13	1	1	175000.00	175000.00	SP	\N
132	78	17	\N	1	325000.00	325000.00	CB	1
133	79	2	1	1	285000.00	285000.00	SP	\N
134	80	7	1	1	195000.00	195000.00	SP	\N
135	80	11	1	50	165000.00	8250000.00	SP	\N
136	81	2	1	37	505000.00	18685000.00	SP	\N
137	82	2	1	1	285000.00	285000.00	SP	\N
138	83	2	1	1	285000.00	285000.00	SP	\N
139	84	11	1	1	165000.00	165000.00	SP	\N
140	85	2	1	1	285000.00	285000.00	SP	\N
141	86	13	1	1	175000.00	175000.00	SP	\N
142	87	2	1	1	285000.00	285000.00	SP	\N
143	88	11	1	1	165000.00	165000.00	SP	\N
144	89	11	1	1	165000.00	165000.00	SP	\N
145	90	17	\N	1	325000.00	325000.00	CB	1
146	91	2	1	1	285000.00	285000.00	SP	\N
147	92	13	1	1	175000.00	175000.00	SP	\N
148	93	17	\N	1	325000.00	325000.00	CB	1
149	94	17	\N	1	325000.00	325000.00	CB	1
150	95	13	1	1	175000.00	175000.00	SP	\N
151	96	1	1	1	60000.00	60000.00	SP	\N
152	97	17	\N	1	325000.00	325000.00	CB	1
153	98	9	1	1	195000.00	195000.00	SP	\N
154	99	1	1	1	60000.00	60000.00	SP	\N
155	100	1	1	1	115000.00	115000.00	SP	\N
\.


--
-- TOC entry 5228 (class 0 OID 33425)
-- Dependencies: 258
-- Data for Name: ChiTietDonHang_ChiTietCombo; Type: TABLE DATA; Schema: public; Owner: postgres
--

COPY public."ChiTietDonHang_ChiTietCombo" ("MaCTDH_Combo", "MaChiTietDonHang", "SoLuong", "MaBienThe", "MaDeBanh") FROM stdin;
1	83	1	17	1
2	83	1	1	2
3	86	1	17	1
4	86	1	1	2
5	97	1	17	1
6	97	1	1	2
7	104	1	17	1
8	104	1	1	2
9	105	1	17	1
10	105	1	1	2
11	110	1	17	1
12	110	1	1	2
13	121	1	17	1
14	121	1	1	2
15	127	1	17	1
16	127	1	1	2
17	130	1	17	1
18	130	1	1	2
19	132	1	17	1
20	132	1	1	2
21	145	1	17	1
22	145	1	1	2
23	148	1	17	1
24	148	1	1	2
25	149	1	17	1
26	149	1	1	2
27	152	1	17	1
28	152	1	1	2
\.


--
-- TOC entry 5220 (class 0 OID 25901)
-- Dependencies: 250
-- Data for Name: ChiTietDonHang_TuyChon; Type: TABLE DATA; Schema: public; Owner: postgres
--

COPY public."ChiTietDonHang_TuyChon" ("MaChiTiet", "MaTuyChon", "GiaThem") FROM stdin;
89	1	30000.00
93	1	30000.00
136	1	50000.00
136	2	65000.00
136	3	50000.00
136	4	55000.00
155	3	25000.00
155	5	30000.00
\.


--
-- TOC entry 5190 (class 0 OID 25767)
-- Dependencies: 220
-- Data for Name: CoSo; Type: TABLE DATA; Schema: public; Owner: postgres
--

COPY public."CoSo" ("MaCoSo", "TenCoSo", "SoDienThoai", "SoNhaDuong", "PhuongXa", "QuanHuyen", "ThanhPho", "KinhDo", "ViDo") FROM stdin;
1	SECRET PIZZA Hà Nội	02411112222	55 Lý Thường Kiệt	Phường Trần Hưng Đạo	Quận Hoàn Kiếm	TP. Hà Nội	105.85246300	21.02273900
2	SECRET PIZZA TP. HCM	02833334444	123 Lê Lợi	Phường Bến Nghé	Quận 1	TP. Hồ Chí Minh	106.68225548	10.75997889
\.


--
-- TOC entry 5226 (class 0 OID 33347)
-- Dependencies: 256
-- Data for Name: Combo; Type: TABLE DATA; Schema: public; Owner: postgres
--

COPY public."Combo" ("MaCombo", "TenCombo", "MoTa", "HinhAnh", "GiaCombo", "TrangThai", "NgayTao", "NgayCapNhat", "ThoiGianHetHan") FROM stdin;
2	Mừng ngày nhà giáo Việt Nam	Mừng 20/11	/images/AnhMonAn/z7209813005248-b44ed8cf695a25f3d3b306fc3d01e9f8-1763442636972-393041786.jpg	500000.00	Deleted	2025-11-18 05:10:36.99	2025-11-18 05:19:35.276	2999-12-31 23:59:59
1	Combo Thịt Thượng Hạng	Combo cực hấp dẫn gồm Pizza 5 Loại Thịt Thượng Hạng size 9", Mì Ý Sốt Kem, Khoai Tây Chiên và 2 lon Pepsi tươi mát.	/images/AnhCombo/1.jpg	325000.00	Active	2025-11-07 17:48:05.199599	2025-11-07 17:48:05.199599	2025-11-30 23:59:59
3	Nhà giáo Việt Nam 20/11	Mừng lễ 20/11	/images/AnhCombo/combo-z7209813005248-b44ed8cf695a25f3d3b306fc3d01e9f8-1763443685353-581470982.jpg	500000.00	Active	2025-11-18 05:28:05.365	2025-11-18 05:36:18.598	2025-11-20 23:59:59
\.


--
-- TOC entry 5235 (class 0 OID 33610)
-- Dependencies: 265
-- Data for Name: Combo_ChiTiet; Type: TABLE DATA; Schema: public; Owner: postgres
--

COPY public."Combo_ChiTiet" ("MaCTCombo", "MaCombo", "MaBienThe", "SoLuong", "MaDeBanh") FROM stdin;
1	1	17	1	1
2	1	1	1	2
9	3	2	1	1
10	3	7	1	1
\.


--
-- TOC entry 5224 (class 0 OID 25918)
-- Dependencies: 254
-- Data for Name: DanhGiaDonHang; Type: TABLE DATA; Schema: public; Owner: postgres
--

COPY public."DanhGiaDonHang" ("MaDanhGiaDonHang", "MaDonHang", "SoSao", "BinhLuan", "NgayDanhGia") FROM stdin;
7	90	5	Tốt	2025-12-01 20:22:30.89
8	86	5	Tốt	2025-12-01 20:23:27.145
9	83	5	Tốt	2025-12-01 20:26:17.019
10	82	5	Qúa tệ	2025-12-01 20:27:03.262
11	81	1	Shipper giao hàng quá châm, cửa hàng làm sai đơn	2025-12-01 20:27:40.746
12	100	1	Món ăn quá dở, thái độ nhân viên giao hàng khó chịu	2025-12-02 06:44:33.426
\.


--
-- TOC entry 5230 (class 0 OID 33450)
-- Dependencies: 260
-- Data for Name: DanhGiaMonAn; Type: TABLE DATA; Schema: public; Owner: postgres
--

COPY public."DanhGiaMonAn" ("MaDanhGiaMonAn", "MaMonAn", "MaTaiKhoan", "SoSao", "NoiDung", "NgayDanhGia", "TrangThai") FROM stdin;
13	1	1	4	Ngon nhưng hơi mặn, nên giảm muối chút là hoàn hảo.	2025-11-03 17:02:02.55456	Hiển thị
15	2	1	5	Pizza bò phô mai tuyệt vời, ăn cực kỳ ngon miệng.	2025-11-04 17:02:02.55456	Hiển thị
19	4	1	4	Mì Ý ngon, sốt kem béo ngậy, phần ăn vừa đủ.	2025-11-06 17:02:02.55456	Hiển thị
14	1	1	3	Vị ổn nhưng giao hơi trễ, bánh bị nguội.	2025-11-06 17:02:02.55456	Hiển thị
12	1	1	5	Pizza hải sản rất ngon, phô mai béo và tôm tươi.	2025-11-05 17:02:02.55456	Hiển thị
16	2	1	4	Vỏ bánh giòn, phô mai nhiều, nhưng phần bò hơi ít.	2025-11-02 17:02:02.55456	Hiển thị
18	3	1	2	Giao chậm, bánh bị nguội và hơi cứng.	2025-11-01 17:02:02.55456	Hiển thị
21	5	1	3	Khoai hơi mềm, ăn không giòn như lần trước.	2025-10-31 17:02:02.55456	Hiển thị
29	1	8	5	Ngon	2025-11-16 20:43:22.447	Hiển thị
30	7	8	5	Ngon	2025-11-20 19:49:52.135	Hiển thị
31	6	8	5	Ngon	2025-11-23 19:58:43.578	Hiển thị
\.


--
-- TOC entry 5196 (class 0 OID 25795)
-- Dependencies: 226
-- Data for Name: DanhMuc; Type: TABLE DATA; Schema: public; Owner: postgres
--

COPY public."DanhMuc" ("MaDanhMuc", "TenDanhMuc") FROM stdin;
2	Bò
3	Heo
4	Gà
5	Rau Củ/Chay
1	Hải Sản
\.


--
-- TOC entry 5205 (class 0 OID 25830)
-- Dependencies: 235
-- Data for Name: DeBanh; Type: TABLE DATA; Schema: public; Owner: postgres
--

COPY public."DeBanh" ("MaDeBanh", "TenDeBanh") FROM stdin;
1	Đế Mỏng Giòn
2	Đế Dày Xốp
\.


--
-- TOC entry 5215 (class 0 OID 25877)
-- Dependencies: 245
-- Data for Name: DonHang; Type: TABLE DATA; Schema: public; Owner: postgres
--

COPY public."DonHang" ("MaDonHang", "MaNguoiDung", "MaCoSo", "MaNguoiDungGiaoHang", "MaVoucher", "NgayDat", "ThoiGianGiaoDuKien", "TienTruocGiamGia", "TienGiamGia", "TongTien", "GhiChu", "TenNguoiNhan", "SoDienThoaiGiaoHang", "SoNhaDuongGiaoHang", "PhuongXaGiaoHang", "QuanHuyenGiaoHang", "ThanhPhoGiaoHang", "PhiShip") FROM stdin;
42	8	2	\N	\N	2025-11-07 19:26:02.48	2025-11-07 19:49:02.472	325000.00	0.00	350000.00		Tuấn khách hàng	0938894528	259/18 Hàn Hải Nguyên	Phường 02	Quận 11	Hồ Chí Minh	25000.00
43	8	2	\N	\N	2025-11-07 19:48:23.06	2025-11-07 20:11:23.055	785000.00	0.00	810000.00		Tuấn khách hàng	0938894528	259/18 Hàn Hải Nguyên	Phường 02	Quận 11	Hồ Chí Minh	25000.00
44	8	2	\N	\N	2025-11-07 19:59:59.824	2025-11-07 20:22:59.816	725000.00	0.00	750000.00		Tuấn khách hàng	0938894528	259/18 Hàn Hải Nguyên	Phường 02	Quận 11	Hồ Chí Minh	25000.00
45	8	2	\N	\N	2025-11-07 20:15:34.427	2025-11-07 20:38:34.423	225000.00	0.00	250000.00		Tuấn khách hàng	0938894528	259/18 Hàn Hải Nguyên	Phường 02	Quận 11	Hồ Chí Minh	25000.00
46	8	2	\N	\N	2025-11-07 20:30:30.624	2025-11-07 20:53:30.621	225000.00	0.00	250000.00		Tuấn khách hàng	0938894528	259/18 Hàn Hải Nguyên	Phường 02	Quận 11	Hồ Chí Minh	25000.00
47	8	2	\N	\N	2025-11-07 20:51:11.093	2025-11-07 21:14:11.089	225000.00	0.00	250000.00		Tuấn khách hàng	0938894528	259/18 Hàn Hải Nguyên	Phường 02	Quận 11	Hồ Chí Minh	25000.00
48	8	2	\N	\N	2025-11-07 20:53:50.846	2025-11-07 21:16:50.839	265000.00	0.00	290000.00		Tuấn khách hàng	0938894528	259/18 Hàn Hải Nguyên	Phường 02	Quận 11	Hồ Chí Minh	25000.00
49	8	2	\N	\N	2025-11-07 20:55:43.701	2025-11-07 21:18:43.699	325000.00	0.00	350000.00		Tuấn khách hàng	0938894528	259/18 Hàn Hải Nguyên	Phường 02	Quận 11	Hồ Chí Minh	25000.00
50	8	2	\N	\N	2025-11-07 20:56:46.427	2025-11-07 21:19:46.425	225000.00	0.00	250000.00		Tuấn khách hàng	0938894528	259/18 Hàn Hải Nguyên	Phường 02	Quận 11	Hồ Chí Minh	25000.00
51	8	2	\N	\N	2025-11-07 20:57:59.994	2025-11-07 21:20:59.992	235000.00	0.00	260000.00		Tuấn khách hàng	0938894528	259/18 Hàn Hải Nguyên	Phường 12	Quận 11	Hồ Chí Minh	25000.00
52	8	2	\N	\N	2025-11-08 10:39:25.856	2025-11-08 11:02:25.852	530000.00	0.00	555000.00		Tuấn khách hàng	0938894528	259/18 Hàn Hải Nguyên	Phường 02	Quận 11	Hồ Chí Minh	25000.00
53	8	2	\N	\N	2025-11-08 22:56:57.997	2025-11-08 23:19:57.995	225000.00	0.00	250000.00		Tuấn khách hàng	0938894528	259/18 Hàn Hải Nguyên	Phường 02	Quận 11	Hồ Chí Minh	25000.00
54	8	2	\N	\N	2025-11-08 23:00:31.346	2025-11-08 23:23:31.343	235000.00	0.00	260000.00		Tuấn khách hàng	0938894528	259/18 Hàn Hải Nguyên	Phường 02	Quận 11	Hồ Chí Minh	25000.00
55	8	2	\N	\N	2025-11-08 23:02:55.087	2025-11-08 23:25:55.084	225000.00	0.00	250000.00		Tuấn khách hàng	0938894528	259/18 Hàn Hải Nguyên	Phường 02	Quận 11	Hồ Chí Minh	25000.00
56	8	2	\N	\N	2025-11-08 23:04:39.746	2025-11-08 23:27:39.742	235000.00	0.00	260000.00		Tuấn khách hàng	0938894528	259/18 Hàn Hải Nguyên	Phường 02	Quận 11	Hồ Chí Minh	25000.00
57	8	2	\N	\N	2025-11-08 23:06:58.696	2025-11-08 23:29:58.693	235000.00	0.00	260000.00		Tuấn khách hàng	0938894528	259/18 Hàn Hải Nguyên	Phường 02	Quận 11	Hồ Chí Minh	25000.00
58	8	2	\N	\N	2025-11-08 23:09:15.697	2025-11-08 23:32:15.693	325000.00	0.00	350000.00		Tuấn khách hàng	0938894528	259/18 Hàn Hải Nguyên	Phường 02	Quận 11	Hồ Chí Minh	25000.00
59	8	2	\N	\N	2025-11-08 23:11:24.935	2025-11-08 23:34:24.932	325000.00	0.00	350000.00		Tuấn khách hàng	0938894528	259/18 Hàn Hải Nguyên	Phường 02	Quận 11	Hồ Chí Minh	25000.00
60	8	2	\N	\N	2025-11-08 23:13:02.293	2025-11-08 23:36:02.291	225000.00	0.00	250000.00		Tuấn khách hàng	0938894528	259/18 Hàn Hải Nguyên	Phường 02	Quận 11	Hồ Chí Minh	25000.00
61	8	2	\N	\N	2025-11-08 23:34:03.28	2025-11-08 23:57:03.274	225000.00	0.00	250000.00		Tuấn khách hàng	0938894528	259/18 Hàn Hải Nguyên	Phường 02	Quận 11	Hồ Chí Minh	25000.00
62	8	2	\N	\N	2025-11-09 16:29:19.885	2025-11-09 16:52:19.883	235000.00	0.00	260000.00		Tuấn khách hàng	0938894528	259/18 Hàn Hải Nguyên	Phường 02	Quận 11	Hồ Chí Minh	25000.00
63	8	2	\N	\N	2025-11-11 08:11:01.735	2025-11-11 08:34:01.729	550000.00	0.00	575000.00		Tuấn khách hàng	0938894528	259/18 Hàn Hải Nguyên	Phường 02	Quận 11	Hồ Chí Minh	25000.00
64	8	2	\N	\N	2025-11-11 18:04:22.417	2025-11-11 18:27:22.411	164500.00	0.00	189500.00		Tuấn khách hàng	0938894528	259/18 Hàn Hải Nguyên	Phường 02	Quận 11	Hồ Chí Minh	25000.00
65	8	2	\N	\N	2025-11-12 13:21:50.035	2025-11-12 13:44:50.03	171500.00	0.00	196500.00		Tuấn khách hàng	0938894528	259/18 Hàn Hải Nguyên	Phường 02	Quận 11	Hồ Chí Minh	25000.00
66	8	2	\N	\N	2025-11-12 13:22:32	2025-11-12 13:45:31.998	225000.00	0.00	250000.00		Tuấn khách hàng	0938894528	259/18 Hàn Hải Nguyên	Phường 02	Quận 11	Hồ Chí Minh	25000.00
67	8	2	\N	\N	2025-11-12 13:24:06.232	2025-11-12 13:47:06.225	389500.00	0.00	414500.00		Tuấn khách hàng	0938894528	259/18 Hàn Hải Nguyên	Phường 02	Quận 11	Hồ Chí Minh	25000.00
68	8	2	\N	FREESHIP	2025-11-12 13:24:38.13	2025-11-12 13:47:38.118	561000.00	30000.00	556000.00		Tuấn khách hàng	0938894528	259/18 Hàn Hải Nguyên	Phường 02	Quận 11	Hồ Chí Minh	25000.00
69	8	2	\N	\N	2025-11-13 12:14:24.337	2025-11-13 12:37:24.334	510000.00	0.00	535000.00		Tuấn khách hàng	0938894528	259/18 Hàn Hải Nguyên	Phường 02	Quận 11	Hồ Chí Minh	25000.00
70	8	2	\N	\N	2025-11-13 12:50:10.036	2025-11-13 13:13:10.031	210000.00	0.00	235000.00		Tuấn khách hàng	0938894528	259/18 Hàn Hải Nguyên	Phường 02	Quận 11	Hồ Chí Minh	25000.00
71	8	2	\N	\N	2025-11-13 18:05:12.391	2025-11-13 18:28:12.384	325000.00	0.00	350000.00		Tuấn khách hàng	0938894528	259/18 Hàn Hải Nguyên	Phường 02	Quận 11	Hồ Chí Minh	25000.00
72	8	2	\N	NHAGIAOVIETNAM	2025-11-15 21:49:50.681	2025-11-15 22:12:50.676	455000.00	455000.00	25000.00		Tuấn khách hàng	0938894528	259/18 Hàn Hải Nguyên	Phường 02	Quận 11	Hồ Chí Minh	25000.00
73	8	2	\N	\N	2025-11-16 21:07:11.579	2025-11-16 21:30:11.573	3150000.00	0.00	3175000.00		Tuấn khách hàng	0938894528	259/18 Hàn Hải Nguyên	Phường 02	Quận 11	Hồ Chí Minh	25000.00
74	8	2	\N	\N	2025-11-16 21:17:47.116	2025-11-16 21:40:47.113	175000.00	0.00	200000.00		Tuấn khách hàng	0938894528	259/18 Hàn Hải Nguyên	Phường 02	Quận 11	Hồ Chí Minh	25000.00
75	8	2	\N	\N	2025-11-18 04:26:32.728	2025-11-18 04:49:32.717	785000.00	0.00	810000.00		Tuấn khách hàng	0938894528	259/18 Hàn Hải Nguyên	Phường 02	Quận 11	Hồ Chí Minh	25000.00
76	8	1	\N	FREESHIP	2025-11-19 07:56:58.127	2025-11-19 08:39:58.108	619000.00	30000.00	670000.00		Tuấn khách hàng	0938894528	259/18 Hàn Hải Nguyên	Xã Nhị Khê	Huyện Thường Tín	Hà Nội	81000.00
77	8	2	\N	NHAGIAOVIETNAM	2025-11-19 08:00:54.613	2025-11-19 08:23:54.604	175000.00	175000.00	25000.00		Tuấn khách hàng	0938894528	259/18 Hàn Hải Nguyên	Phường 02	Quận 11	Hồ Chí Minh	25000.00
78	8	2	\N	\N	2025-11-20 17:58:51.263	2025-11-20 18:21:51.253	325000.00	0.00	350000.00		Tuấn khách hàng	0938894528	259/18 Hàn Hải Nguyên	Phường 02	Quận 11	Hồ Chí Minh	25000.00
79	8	2	\N	\N	2025-11-20 18:17:55.304	2025-11-20 18:40:55.3	285000.00	0.00	310000.00		Tuấn khách hàng	0938894528	259/18 Hàn Hải Nguyên	Phường 02	Quận 11	Hồ Chí Minh	25000.00
80	8	1	\N	\N	2025-11-20 19:37:14.536	2025-11-20 20:23:14.529	8445000.00	0.00	8533000.00		Tuấn khách hàng	0938894528	259/18 Hàn Hải Nguyên	Xã Vân Hà	Huyện Đông Anh	Hà Nội	88000.00
81	8	2	\N	\N	2025-11-20 19:42:09.606	2025-11-20 20:05:09.589	18685000.00	0.00	18710000.00		Tuấn khách hàng	0938894528	259/18 Hàn Hải Nguyên	Phường 02	Quận 11	Hồ Chí Minh	25000.00
82	8	2	\N	\N	2025-11-21 02:47:56.551	2025-11-20 20:10:56.545	285000.00	0.00	310000.00		Tuấn khách hàng	0938894528	259/18 Hàn Hải Nguyên	Phường 02	Quận 11	Hồ Chí Minh	25000.00
83	8	2	\N	\N	2025-11-21 02:57:24.158	2025-11-20 20:20:24.154	285000.00	0.00	310000.00		Tuấn khách hàng	0938894528	259/18 Hàn Hải Nguyên	Phường 02	Quận 11	Hồ Chí Minh	25000.00
84	8	2	\N	FREESHIP	2025-11-21 03:11:05.389	2025-11-20 20:34:05.384	165000.00	30000.00	160000.00		Tuấn khách hàng	0938894528	259/18 Hàn Hải Nguyên	Phường 02	Quận 11	Hồ Chí Minh	25000.00
85	8	2	\N	PIZZA20	2025-11-21 04:01:13.783	2025-11-20 21:24:13.776	285000.00	57000.00	253000.00		Tuấn khách hàng	0938894528	259/18 Hàn Hải Nguyên	Phường 02	Quận 11	Hồ Chí Minh	25000.00
86	8	2	\N	\N	2025-11-22 04:26:14.858	2025-11-21 21:49:14.854	175000.00	0.00	200000.00		Tuấn khách hàng	0938894528	259/18 Hàn Hải Nguyên	Phường 02	Quận 11	Hồ Chí Minh	25000.00
87	8	2	\N	\N	2025-11-22 04:41:03.998	2025-11-21 22:04:03.994	285000.00	0.00	310000.00		Tuấn khách hàng	0938894528	259/18 Hàn Hải Nguyên	Phường 02	Quận 11	Hồ Chí Minh	25000.00
88	8	2	\N	\N	2025-11-22 04:44:36.362	2025-11-21 22:07:36.358	165000.00	0.00	190000.00		Tuấn khách hàng	0938894528	259/18 Hàn Hải Nguyên	Phường 02	Quận 11	Hồ Chí Minh	25000.00
89	8	2	\N	\N	2025-11-22 04:53:57.406	2025-11-22 05:16:57.399	165000.00	0.00	190000.00		Tuấn khách hàng	0938894528	259/18 Hàn Hải Nguyên	Phường 02	Quận 11	Hồ Chí Minh	25000.00
90	8	2	8	\N	2025-11-22 04:54:29.003	2025-11-22 05:17:28.997	325000.00	0.00	350000.00		Tuấn khách hàng	0938894528	259/18 Hàn Hải Nguyên	Phường 02	Quận 11	Hồ Chí Minh	25000.00
91	8	2	\N	\N	2025-11-24 02:49:36.657	2025-11-24 03:12:36.653	285000.00	0.00	310000.00		Tuấn khách hàng	0938894528	259/18 Hàn Hải Nguyên	Phường 02	Quận 11	Hồ Chí Minh	25000.00
92	8	2	\N	\N	2025-11-24 03:01:48.316	2025-11-24 03:24:48.308	175000.00	0.00	200000.00		Tuấn khách hàng	0938894528	259/18 Hàn Hải Nguyên	Phường 02	Quận 11	Hồ Chí Minh	25000.00
93	8	2	\N	\N	2025-11-24 03:21:43.078	2025-11-24 03:44:43.069	325000.00	0.00	350000.00		Tuấn khách hàng	0938894528	259/18 Hàn Hải Nguyên	Phường 02	Quận 11	Hồ Chí Minh	25000.00
94	8	2	\N	\N	2025-11-24 03:22:19.861	2025-11-24 03:45:19.849	325000.00	0.00	350000.00		Tuấn khách hàng	0938894528	259/18 Hàn Hải Nguyên	Phường 02	Quận 11	Hồ Chí Minh	25000.00
95	8	2	\N	\N	2025-11-24 03:25:48.35	2025-11-24 03:48:48.343	175000.00	0.00	200000.00		Tuấn khách hàng	0938894528	259/18 Hàn Hải Nguyên	Phường 02	Quận 11	Hồ Chí Minh	25000.00
97	8	2	\N	\N	2025-11-25 05:29:56.249	2025-11-25 05:52:56.238	325000.00	0.00	350000.00		Tuấn khách hàng	0938894528	259/18 Hàn Hải Nguyên	Phường 02	Quận 11	Hồ Chí Minh	25000.00
98	8	2	\N	\N	2025-11-25 08:26:35.391	2025-11-25 08:49:35.386	195000.00	0.00	220000.00		Tuấn khách hàng	0938894528	259/18 Hàn Hải Nguyên	Phường 02	Quận 11	Hồ Chí Minh	25000.00
99	8	2	\N	\N	2025-11-25 08:31:51.655	2025-11-25 08:54:51.65	60000.00	0.00	85000.00		Tuấn khách hàng	0938894528	259/18 Hàn Hải Nguyên	Phường 02	Quận 11	Hồ Chí Minh	25000.00
96	8	2	15	\N	2025-11-24 03:28:35.736	2025-11-24 03:51:35.732	60000.00	0.00	85000.00		Tuấn khách hàng	0938894528	259/18 Hàn Hải Nguyên	Phường 02	Quận 11	Hồ Chí Minh	25000.00
100	8	2	\N	\N	2025-11-25 14:08:36.232	2025-11-24 14:31:36.206	115000.00	0.00	140000.00		Tuấn khách hàng	0938894528	259/18 Hàn Hải Nguyên	Phường 02	Quận 11	Hồ Chí Minh	25000.00
\.


--
-- TOC entry 5238 (class 0 OID 41836)
-- Dependencies: 268
-- Data for Name: DonHang_QuaTang; Type: TABLE DATA; Schema: public; Owner: postgres
--

COPY public."DonHang_QuaTang" ("MaDonHang", "MaQuaTang", "SoLuong") FROM stdin;
78	2	1
79	3	1
80	1	1
81	2	1
82	1	1
83	1	1
84	2	1
85	1	1
86	2	1
87	1	1
88	1	1
90	2	1
91	2	1
93	1	1
94	3	1
97	1	1
\.


--
-- TOC entry 5232 (class 0 OID 33475)
-- Dependencies: 262
-- Data for Name: KhuyenMai; Type: TABLE DATA; Schema: public; Owner: postgres
--

COPY public."KhuyenMai" ("MaKhuyenMai", "TenKhuyenMai", "MoTa", "KMLoai", "KMGiaTri", "KMBatDau", "KMKetThuc", "TrangThai") FROM stdin;
2	Món phụ giảm 40k	\N	AMOUNT	40000.00	2025-11-08 06:00:00	2025-11-29 05:59:00	Active
1	Pizza Sale 30%	\N	PERCENT	30.00	2025-11-08 06:00:00	2025-11-22 05:59:00	Active
\.


--
-- TOC entry 5217 (class 0 OID 25886)
-- Dependencies: 247
-- Data for Name: LichSuTrangThaiDonHang; Type: TABLE DATA; Schema: public; Owner: postgres
--

COPY public."LichSuTrangThaiDonHang" ("MaLichSu", "MaDonHang", "TrangThai", "ThoiGianCapNhat", "GhiChu") FROM stdin;
45	42	Đang chờ xác nhận	2025-11-07 19:26:02.557	\N
46	42	Khách hàng đã hủy	2025-11-07 19:47:30.051	Hủy bởi khách hàng
47	43	Đang chờ xác nhận	2025-11-07 19:48:23.094	\N
48	44	Đang chờ xác nhận	2025-11-07 19:59:59.882	\N
49	45	Đang chờ xác nhận	2025-11-07 20:15:34.473	\N
50	46	Đang chờ xác nhận	2025-11-07 20:30:30.675	\N
51	47	Đang chờ xác nhận	2025-11-07 20:51:11.128	\N
52	48	Đang chờ xác nhận	2025-11-07 20:53:50.903	\N
53	49	Đang chờ xác nhận	2025-11-07 20:55:43.735	\N
54	50	Đang chờ xác nhận	2025-11-07 20:56:46.44	\N
55	51	Đang chờ xác nhận	2025-11-07 20:58:00.006	\N
56	51	Đã giao	2025-11-08 04:35:37.689201	\N
57	43	Khách hàng đã hủy	2025-11-08 10:39:01	Hủy bởi khách hàng
58	52	Đang chờ xác nhận	2025-11-08 10:39:25.884	\N
59	53	Chờ thanh toán	2025-11-08 22:56:58.052	\N
60	54	Chờ thanh toán	2025-11-08 23:00:31.38	\N
61	55	Chờ thanh toán	2025-11-08 23:02:55.111	\N
62	55	Chờ duyệt đơn	2025-11-08 23:03:42.541	Thanh toán VNPay thành công
63	56	Chờ thanh toán	2025-11-08 23:04:39.755	\N
64	57	Chờ thanh toán	2025-11-08 23:06:58.73	\N
65	58	Chờ thanh toán	2025-11-08 23:09:15.725	\N
66	59	Chờ thanh toán	2025-11-08 23:11:24.948	\N
67	60	Chờ thanh toán	2025-11-08 23:13:02.303	\N
68	61	Chờ thanh toán	2025-11-08 23:34:03.307	\N
69	61	Chờ duyệt đơn	2025-11-08 23:34:29.624	Thanh toán VNPay thành công
70	60	Đang chờ xác nhận	2025-11-08 23:40:08.31	Thanh toán VNPay thành công
71	56	Đang chờ xác nhận	2025-11-09 16:26:54.114	Thanh toán VNPay thành công
72	58	Đang chờ xác nhận	2025-11-09 16:28:14.543	Thanh toán VNPay thành công
73	59	Đang chờ xác nhận	2025-11-09 16:28:52.486	Thanh toán VNPay thành công
74	62	Chờ thanh toán	2025-11-09 16:29:19.901	\N
75	63	Đang chờ xác nhận	2025-11-11 08:11:01.8	\N
76	64	Đang chờ xác nhận	2025-11-11 18:04:22.46	\N
77	62	Đang chờ xác nhận	2025-11-11 20:46:58.829	Thanh toán VNPay thành công
78	65	Đang chờ xác nhận	2025-11-12 13:21:50.068	\N
79	66	Đang chờ xác nhận	2025-11-12 13:22:32.006	\N
80	67	Đang chờ xác nhận	2025-11-12 13:24:06.257	\N
81	68	Đang chờ xác nhận	2025-11-12 13:24:38.148	\N
82	68	Khách hàng đã hủy	2025-11-12 13:24:46.137	Hủy bởi khách hàng
83	69	Đang chờ xác nhận	2025-11-13 12:14:24.356	\N
84	70	Đang chờ xác nhận	2025-11-13 12:50:10.053	\N
85	71	Đang chờ xác nhận	2025-11-13 18:05:12.429	\N
86	72	Đang chờ xác nhận	2025-11-15 21:49:50.725	\N
87	72	Khách hàng đã hủy	2025-11-16 19:13:48.403	Hủy bởi khách hàng
88	71	Đang xử lý	2025-11-16 19:38:43.618	\N
89	71	Đang giao	2025-11-16 19:39:00.951	\N
90	71	Đã giao	2025-11-16 19:39:09.666	\N
91	73	Đang chờ xác nhận	2025-11-16 21:07:11.625	\N
92	73	Đang xử lý	2025-11-16 21:07:38.888	\N
93	73	Đang giao	2025-11-16 21:07:42.908	\N
94	73	Đã giao	2025-11-16 21:07:46.975	\N
95	74	Đang chờ xác nhận	2025-11-16 21:17:47.139	\N
96	74	Đang xử lý	2025-11-16 21:17:58.547	\N
97	74	Đang giao	2025-11-16 21:18:03.662	\N
98	74	Đã giao	2025-11-16 21:18:08.339	\N
99	75	Đang chờ xác nhận	2025-11-18 04:26:32.764	\N
100	76	Đang chờ xác nhận	2025-11-19 07:56:58.215	\N
101	77	Đang chờ xác nhận	2025-11-19 08:00:54.627	\N
102	77	Đang xử lý	2025-11-19 08:01:31.727	\N
103	77	Đang giao	2025-11-19 08:01:44.288	\N
104	77	Đã giao	2025-11-19 08:01:50.17	\N
105	78	Đang chờ xác nhận	2025-11-20 17:58:51.327	\N
106	78	Đang xử lý	2025-11-20 18:04:05.513	\N
107	78	Đang giao	2025-11-20 18:04:11.243	\N
108	78	Đã giao	2025-11-20 18:04:15.432	\N
109	79	Đang chờ xác nhận	2025-11-20 18:17:55.342	\N
110	80	Đang chờ xác nhận	2025-11-20 19:37:14.569	\N
111	80	Đang xử lý	2025-11-20 19:37:56.782	\N
112	80	Đang giao	2025-11-20 19:37:59.817	\N
113	80	Đã giao	2025-11-20 19:38:02.817	\N
114	81	Đang chờ xác nhận	2025-11-20 19:42:09.653	\N
115	81	Đang xử lý	2025-11-20 19:42:19.921	\N
116	81	Đang giao	2025-11-20 19:42:22.896	\N
117	81	Đã giao	2025-11-20 19:42:25.443	\N
118	82	Đang chờ xác nhận	2025-11-20 19:47:56.582	\N
119	82	Đang xử lý	2025-11-20 19:55:01.066	\N
120	82	Đang giao	2025-11-20 19:55:03.855	\N
121	82	Đã giao	2025-11-20 19:55:06.278	\N
122	83	Đang chờ xác nhận	2025-11-20 19:57:24.177	\N
123	83	Đang xử lý	2025-11-20 19:57:52.58	\N
124	83	Đang giao	2025-11-20 19:57:55.107	\N
125	83	Đã giao	2025-11-20 19:57:57.858	\N
126	84	Đang chờ xác nhận	2025-11-20 20:11:05.422	\N
127	84	Đang xử lý	2025-11-20 20:11:21.352	\N
128	84	Đang giao	2025-11-20 20:11:23.71	\N
129	84	Đã giao	2025-11-20 20:11:27.506	\N
130	85	Đang chờ xác nhận	2025-11-20 21:01:13.812	\N
131	86	Đang chờ xác nhận	2025-11-21 21:26:14.895	\N
132	86	Đang xử lý	2025-11-21 21:27:29.05	\N
133	86	Đang giao	2025-11-21 21:27:31.351	\N
134	86	Đã giao	2025-11-21 21:27:34.957	\N
135	87	Đang chờ xác nhận	2025-11-21 21:41:04.036	\N
136	88	Đang chờ xác nhận	2025-11-21 21:44:36.392	\N
137	89	Đang chờ xác nhận	2025-11-21 21:53:57.441	\N
138	90	Đang chờ xác nhận	2025-11-21 21:54:29.021	\N
139	90	Đang xử lý	2025-11-21 22:01:05.666	\N
140	90	Chờ giao hàng	2025-11-21 22:01:09.703	\N
141	90	Đang giao	2025-11-21 22:16:58.463	\N
142	90	Đã giao	2025-11-21 22:17:03.308	\N
143	89	Đang xử lý	2025-11-21 22:30:16.091	\N
144	89	Chờ giao hàng	2025-11-21 22:30:20.291	\N
145	91	Đang chờ xác nhận	2025-11-23 19:49:36.697	\N
146	91	Đang xử lý	2025-11-23 19:54:09.967	\N
147	91	Chờ giao hàng	2025-11-24 02:59:33.732	\N
148	91	Đang giao	2025-11-24 02:59:36.884	\N
149	92	Đang chờ xác nhận	2025-11-24 03:01:48.352	\N
150	93	Đang chờ xác nhận	2025-11-24 03:21:43.12	\N
151	94	Chờ thanh toán	2025-11-24 03:22:19.873	\N
152	94	Đang chờ xác nhận	2025-11-24 03:22:56.39	Thanh toán VNPay thành công
153	95	Đang chờ xác nhận	2025-11-24 03:25:48.385	\N
154	95	Khách hàng đã hủy	2025-11-24 03:27:40.985	Hủy bởi khách hàng
155	93	Khách hàng đã hủy	2025-11-24 03:28:14.092	Hủy bởi khách hàng
156	96	Đang chờ xác nhận	2025-11-24 03:28:35.747	\N
157	96	Đang xử lý	2025-11-24 03:51:54.99	\N
158	96	Chờ giao hàng	2025-11-24 03:51:57.917	\N
159	97	Đang chờ xác nhận	2025-11-25 05:29:56.302	\N
160	98	Đang chờ xác nhận	2025-11-25 08:26:35.428	\N
161	99	Chờ thanh toán	2025-11-25 08:31:51.685	\N
162	99	Đang chờ xác nhận	2025-11-25 08:35:55.582	Thanh toán VNPay thành công
163	99	Khách hàng đã hủy	2025-11-25 11:41:54.895	Hủy bởi khách hàng
164	98	Đang xử lý	2025-11-25 11:49:50.408	\N
165	98	Chờ giao hàng	2025-11-25 11:49:53.913	\N
166	98	Đã hủy	2025-11-25 12:01:03.05	Hủy bởi nhân viên
167	96	Đã hủy	2025-11-25 12:01:37.542	Hủy bởi nhân viên
168	100	Đang chờ xác nhận	2025-11-25 14:08:36.288	\N
169	100	Đang xử lý	2025-12-01 22:24:47.37	\N
170	100	Chờ giao hàng	2025-12-01 22:24:49.683	\N
171	100	Đang giao	2025-12-01 22:24:52.345	\N
172	100	Đã giao	2025-12-01 22:24:55.433	\N
\.


--
-- TOC entry 5194 (class 0 OID 25787)
-- Dependencies: 224
-- Data for Name: LoaiMonAn; Type: TABLE DATA; Schema: public; Owner: postgres
--

COPY public."LoaiMonAn" ("MaLoaiMonAn", "TenLoaiMonAn") FROM stdin;
1	Pizza
3	Tráng Miệng
4	Nước Uống
2	Món Phụ 1
6	hehe
\.


--
-- TOC entry 5208 (class 0 OID 25843)
-- Dependencies: 238
-- Data for Name: LoaiTuyChon; Type: TABLE DATA; Schema: public; Owner: postgres
--

COPY public."LoaiTuyChon" ("MaLoaiTuyChon", "TenLoaiTuyChon") FROM stdin;
1	Viền Bánh
2	Thêm Topping
\.


--
-- TOC entry 5198 (class 0 OID 25803)
-- Dependencies: 228
-- Data for Name: MonAn; Type: TABLE DATA; Schema: public; Owner: postgres
--

COPY public."MonAn" ("MaMonAn", "TenMonAn", "MoTa", "HinhAnh", "MaLoaiMonAn", "TrangThai", "DeXuat") FROM stdin;
11	hehe	ádf	/images/AnhMonAn/z7209813005248-b44ed8cf695a25f3d3b306fc3d01e9f8-1762950733692-86087624.jpg	1	Deleted	f
1	Pizza Siêu Topping Hải Sản Nhiệt Đới Xốt Tiêu	Tôm, nghêu, mực, thơm, hành tây trên nền sốt tiêu đen	/images/AnhMonAn/1.jpg	4	Active	t
7	Pizza Siêu Topping Xúc Xích Ý Truyền Thống	Xúc xích Pepperoni trứ danh của Ý trên nền phô mai Mozzarella	/images/AnhMonAn/7.jpg	1	Active	t
4	Pizza Siêu Topping Bò Mỹ Xốt Phô Mai	Thịt bò Mỹ cao cấp, nấm, cà chua và hành tây trên nền sốt phô mai	/images/AnhMonAn/4.jpg	1	Active	f
5	Pizza Siêu Topping Bò và Tôm Nướng Kiểu Mỹ	Thịt bò, tôm nướng, bắp, hành tây và xốt Thousand Island	/images/AnhMonAn/5.jpg	1	Active	f
6	Pizza Siêu Topping Giăm Bông Dứa Kiểu Hawaiian	Giăm bông, thịt xông khói và dứa ngọt dịu trên nền sốt cà chua	/images/AnhMonAn/6.jpg	1	Active	f
10	Pizza 5 Loại Thịt Thượng Hạng	Pizza thượng hạng với 5 loại thịt: xúc xích Ý, jambon, thịt xông khói, pepperoni và xúc xích Đức. Kết hợp phô mai Mozzarella tan chảy tạo nên hương vị đậm đà khó quên.	/images/AnhMonAn/10.jpg	1	Active	f
8	Khoai Tây Chiên	Khoai tây chiên giòn rụm	/images/AnhMonAn/8.jpg	2	Active	t
9	Pepsi	Nước ngọt có gas	/images/AnhMonAn/9.jpg	4	Active	t
2	Pizza Siêu Topping Hải Sản Xốt Mayonnaise	Tôm, mực, thanh cua và bông cải xanh tươi ngon trên nền sốt mayonnaise	/images/AnhMonAn/2.jpg	1	Inactive	t
3	Pizza Siêu Topping Hải Sản Xốt Pesto Kem Chanh	Tôm, mực, cà chua và bông cải xanh trên nền sốt Pesto kem chanh	/images/AnhMonAn/3.jpg	1	Inactive	f
\.


--
-- TOC entry 5199 (class 0 OID 25810)
-- Dependencies: 229
-- Data for Name: MonAn_DanhMuc; Type: TABLE DATA; Schema: public; Owner: postgres
--

COPY public."MonAn_DanhMuc" ("MaMonAn", "MaDanhMuc") FROM stdin;
1	1
1	2
1	4
1	3
1	5
7	3
4	2
5	2
5	1
6	3
8	5
10	1
10	2
10	3
10	4
11	5
2	1
3	1
\.


--
-- TOC entry 5206 (class 0 OID 25837)
-- Dependencies: 236
-- Data for Name: MonAn_DeBanh; Type: TABLE DATA; Schema: public; Owner: postgres
--

COPY public."MonAn_DeBanh" ("MaMonAn", "MaDeBanh") FROM stdin;
4	1
5	1
6	1
4	2
5	2
6	2
11	1
2	1
2	2
3	1
3	2
7	1
7	2
\.


--
-- TOC entry 5233 (class 0 OID 33484)
-- Dependencies: 263
-- Data for Name: MonAn_KhuyenMai; Type: TABLE DATA; Schema: public; Owner: postgres
--

COPY public."MonAn_KhuyenMai" ("MaMonAn", "MaKhuyenMai") FROM stdin;
1	2
2	2
3	2
4	2
5	2
6	2
7	2
8	2
9	2
10	2
\.


--
-- TOC entry 5212 (class 0 OID 25862)
-- Dependencies: 242
-- Data for Name: MonAn_TuyChon; Type: TABLE DATA; Schema: public; Owner: postgres
--

COPY public."MonAn_TuyChon" ("MaMonAn", "MaTuyChon") FROM stdin;
4	1
4	2
4	3
\.


--
-- TOC entry 5192 (class 0 OID 25775)
-- Dependencies: 222
-- Data for Name: NguoiDung; Type: TABLE DATA; Schema: public; Owner: postgres
--

COPY public."NguoiDung" ("MaNguoiDung", "MaTaiKhoan", "MaCoSo", "HoTen", "SoDienThoai", "SoNhaDuong", "PhuongXa", "QuanHuyen", "ThanhPho") FROM stdin;
1	1	\N	Trần Văn An	0901234567	111 Nguyễn Trãi	Phường 2	Quận 5	TP. Hồ Chí Minh
2	2	1	Lê Thị Bình	0912345678	\N	\N	\N	\N
3	3	2	Nguyễn Văn Cường	0923456789	\N	\N	\N	\N
4	4	\N	Quản Trị Viên Hệ Thống	0987654321	\N	\N	\N	\N
9	9	\N	Nguyễn Võ Minh Duy	0900000000	\N	\N	\N	\N
8	8	2	Tuấn khách hàng	0938894528	259/18 Hàn Hải Nguyên	Phường 02	Quận 11	Hồ Chí Minh
11	11	\N	Nhóm Secret	0900000001	\N	\N	\N	\N
12	12	\N	Super Admin	0900000002	\N	\N	\N	\N
14	14	1	Quản lý 1	0900000003	\N	\N	\N	\N
15	15	1	Giao hàng 1	0900000004	\N	\N	\N	\N
16	16	2	Quản lý 2	0900000005	\N	\N	\N	\N
\.


--
-- TOC entry 5237 (class 0 OID 41826)
-- Dependencies: 267
-- Data for Name: QuaTang; Type: TABLE DATA; Schema: public; Owner: postgres
--

COPY public."QuaTang" ("MaQuaTang", "TenQuaTang", "MoTa", "HinhAnh", "CapDo", "TyLeXuatHien", "TrangThai") FROM stdin;
5	Baby Pizza Santa	Phiên bản Giáng Sinh đặc biệt cực hiếm: Ông già Noel Pizza mang túi quà đầy ắp niềm vui.	/images/QuaTang/5.png	Secret	2.00	Active
4	Baby Pizza Mystic	Pháp sư Pizza huyền bí với áo choàng phép thuật, tạo ra những chiếc bánh mê hoặc.	/images/QuaTang/4.png	Epic	8.00	Active
3	Baby Pizza Rocker	Đầu bếp Pizza kiêm ngôi sao nhạc Rock, mang đến hương vị bùng nổ và sôi động.	/images/QuaTang/3.png	Rare	15.00	Active
1	Baby Pizza Slice	Bé Pizza cơ bản, vui vẻ và dễ thương, đại diện cho niềm vui chia sẻ.	/images/QuaTang/1.png	Common	50.00	Active
2	Baby Pizza Detective	Thám tử Pizza tài ba với chiếc mũ phớt đen và kính lúp, luôn tìm ra hương vị bí ẩn.	/images/QuaTang/2.png	Uncommon	25.00	Active
\.


--
-- TOC entry 5201 (class 0 OID 25816)
-- Dependencies: 231
-- Data for Name: Size; Type: TABLE DATA; Schema: public; Owner: postgres
--

COPY public."Size" ("MaSize", "TenSize") FROM stdin;
1	9 inch
2	12 inch
\.


--
-- TOC entry 5188 (class 0 OID 25759)
-- Dependencies: 218
-- Data for Name: TaiKhoan; Type: TABLE DATA; Schema: public; Owner: postgres
--

COPY public."TaiKhoan" ("MaTaiKhoan", "Email", "MatKhau", "Role", "TrangThai") FROM stdin;
8	nguyenminhtuan06012004@gmail.com	$2b$10$yzL683ka74f/oY7tAHYQuOYkbMOKDMXpmK8vKJq6V6k7mX0efH4l.	SUPER_ADMIN	Active
11	admin123@gmail.com	$2b$10$7ihol17xRg5gDoqcenxHOuNghCatbw0Gqp9swMk2ctVNbw3mIle5.	SUPER_ADMIN	Active
12	superadmin@gmail.com	$2b$10$IEh6J9D6nm7V8Btt49ySxu5JoGvgxn6lEQ/G9rL0ykjYRD4hgHjdq	SUPER_ADMIN	Active
14	admin1@gmail.com	$2b$10$uUwtO6Ee4RU/UMp/oQEB1uCI16sFoNyLQGefoWL/xKHm6Sec67VPq	ADMIN	Active
15	shipper1@gmail.com	$2b$10$vQhd9NI3zzF7ZK/fevZYnOW792Wo8H7/VpyYSx6mvuAy0swy5T91q	SHIPPER	Active
16	admin2@gmail.com	$2b$10$Ijqltf1l2WQqwsylxiKYzOHcrequK4vfVwosqeweuJJtZFfTWdsMW	ADMIN	Active
1	khachhang_hcm	hashed_password_123	CUSTOMER	Active
3	admin_hcm	hashed_password_789	ADMIN	Active
2	shipper_hn	hashed_password_456	SHIPPER	Active
9	thavananh@gmail.com	$2b$10$xzr/j7h1dFHiwqkoA7E.0..L6WR1pREy6qgz3s4BX2Phcsv/CrYF6	CUSTOMER	Active
4	superadmin	hashed_password_super	SUPER_ADMIN	Active
\.


--
-- TOC entry 5222 (class 0 OID 25907)
-- Dependencies: 252
-- Data for Name: ThanhToan; Type: TABLE DATA; Schema: public; Owner: postgres
--

COPY public."ThanhToan" ("MaThanhToan", "MaDonHang", "PhuongThuc", "MaGiaoDich", "SoTien", "TrangThai", "ThoiGian") FROM stdin;
60	61	Chuyển Khoản	1762644869611-15247621	250000.00	Đã thanh toán	2025-11-08 23:34:29.618
61	60	Chuyển Khoản	1762645208277-15247624	250000.00	Đã thanh toán	2025-11-08 23:40:08.278
62	56	Chuyển Khoản	1762705614061-15248791	260000.00	Đã thanh toán	2025-11-09 16:26:54.064
63	58	Chuyển Khoản	1762705694539-15248795	350000.00	Đã thanh toán	2025-11-09 16:28:14.54
64	59	Chuyển Khoản	1762705732482-15248796	350000.00	Đã thanh toán	2025-11-09 16:28:52.483
65	62	Chuyển Khoản	1762705763559-0	260000.00	Thanh toán thất bại	2025-11-09 16:29:23.559
66	63	Tiền Mặt	\N	575000.00	Chưa thanh toán	2025-11-11 08:11:01.794
67	64	Tiền Mặt	\N	189500.00	Chưa thanh toán	2025-11-11 18:04:22.453
68	62	Chuyển Khoản	1762894018776-15254615	260000.00	Đã thanh toán	2025-11-11 20:46:58.794
69	65	Tiền Mặt	\N	196500.00	Chưa thanh toán	2025-11-12 13:21:50.06
70	66	Tiền Mặt	\N	250000.00	Chưa thanh toán	2025-11-12 13:22:32.004
71	67	Tiền Mặt	\N	414500.00	Chưa thanh toán	2025-11-12 13:24:06.252
72	68	Tiền Mặt	\N	556000.00	Chưa thanh toán	2025-11-12 13:24:38.144
73	69	Tiền Mặt	\N	535000.00	Chưa thanh toán	2025-11-13 12:14:24.348
74	70	Tiền Mặt	\N	235000.00	Chưa thanh toán	2025-11-13 12:50:10.049
75	71	Tiền Mặt	\N	350000.00	Chưa thanh toán	2025-11-13 18:05:12.425
76	72	Tiền Mặt	\N	25000.00	Chưa thanh toán	2025-11-15 21:49:50.719
77	73	Tiền Mặt	\N	3175000.00	Chưa thanh toán	2025-11-16 21:07:11.62
78	74	Tiền Mặt	\N	200000.00	Đã thanh toán	2025-11-16 21:17:47.135
79	75	Tiền Mặt	\N	810000.00	Chưa thanh toán	2025-11-18 04:26:32.76
80	76	Tiền Mặt	\N	670000.00	Chưa thanh toán	2025-11-19 07:56:58.203
81	77	Tiền Mặt	\N	25000.00	Đã thanh toán	2025-11-19 08:00:54.621
82	78	Tiền Mặt	\N	350000.00	Đã thanh toán	2025-11-20 17:58:51.314
83	79	Tiền Mặt	\N	310000.00	Chưa thanh toán	2025-11-20 18:17:55.338
84	80	Tiền Mặt	\N	8533000.00	Đã thanh toán	2025-11-20 19:37:14.566
85	81	Tiền Mặt	\N	18710000.00	Đã thanh toán	2025-11-20 19:42:09.648
86	82	Tiền Mặt	\N	310000.00	Đã thanh toán	2025-11-20 19:47:56.578
87	83	Tiền Mặt	\N	310000.00	Đã thanh toán	2025-11-20 19:57:24.174
88	84	Tiền Mặt	\N	160000.00	Đã thanh toán	2025-11-20 20:11:05.419
89	85	Tiền Mặt	\N	253000.00	Chưa thanh toán	2025-11-20 21:01:13.81
90	86	Tiền Mặt	\N	200000.00	Đã thanh toán	2025-11-21 21:26:14.89
91	87	Tiền Mặt	\N	310000.00	Chưa thanh toán	2025-11-21 21:41:04.033
41	42	Tiền Mặt	\N	350000.00	Chưa thanh toán	2025-11-07 19:26:02.552
42	43	Tiền Mặt	\N	810000.00	Chưa thanh toán	2025-11-07 19:48:23.091
43	44	Tiền Mặt	\N	750000.00	Chưa thanh toán	2025-11-07 19:59:59.88
44	45	Chuyển Khoản	\N	250000.00	Chưa thanh toán	2025-11-07 20:15:34.469
45	46	Chuyển Khoản	\N	250000.00	Chưa thanh toán	2025-11-07 20:30:30.671
46	47	Tiền Mặt	\N	250000.00	Chưa thanh toán	2025-11-07 20:51:11.124
92	88	Tiền Mặt	\N	190000.00	Chưa thanh toán	2025-11-21 21:44:36.389
47	48	Chuyển Khoản	15246125	290000.00	Đã thanh toán	2025-11-07 20:53:50.899
93	89	Tiền Mặt	\N	190000.00	Chưa thanh toán	2025-11-21 21:53:57.437
48	49	Chuyển Khoản	15246128	350000.00	Đã thanh toán	2025-11-07 20:55:43.732
49	50	Chuyển Khoản	15246129	250000.00	Đã thanh toán	2025-11-07 20:56:46.438
94	90	Tiền Mặt	\N	350000.00	Đã thanh toán	2025-11-21 21:54:29.017
50	51	Chuyển Khoản	0	260000.00	Thanh toán thất bại	2025-11-07 20:58:00.003
95	91	Tiền Mặt	\N	310000.00	Chưa thanh toán	2025-11-23 19:49:36.692
51	52	Chuyển Khoản	15246926	555000.00	Đã thanh toán	2025-11-08 10:39:25.881
96	92	Tiền Mặt	\N	200000.00	Chưa thanh toán	2025-11-24 03:01:48.348
97	93	Tiền Mặt	\N	350000.00	Chưa thanh toán	2025-11-24 03:21:43.117
54	55	Chuyển Khoản	15247617	250000.00	Đã thanh toán	2025-11-08 23:03:42.536
98	94	Chuyển Khoản	1763929376384-15283199	350000.00	Đã thanh toán	2025-11-24 03:22:56.387
56	59	Chuyển Khoản	1762643490550-0	350000.00	Thanh toán thất bại	2025-11-08 23:11:30.552
57	60	Chuyển Khoản	1762644526574-0	250000.00	Thanh toán thất bại	2025-11-08 23:28:46.6
99	95	Tiền Mặt	\N	200000.00	Chưa thanh toán	2025-11-24 03:25:48.383
100	96	Tiền Mặt	\N	85000.00	Chưa thanh toán	2025-11-24 03:28:35.745
101	97	Tiền Mặt	\N	350000.00	Chưa thanh toán	2025-11-25 05:29:56.296
102	98	Tiền Mặt	\N	220000.00	Chưa thanh toán	2025-11-25 08:26:35.423
103	99	Chuyển Khoản	1764034555417-15285541	85000.00	Đã thanh toán	2025-11-25 08:35:55.421
104	100	Tiền Mặt	\N	140000.00	Đã thanh toán	2025-11-25 14:08:36.282
\.


--
-- TOC entry 5210 (class 0 OID 25851)
-- Dependencies: 240
-- Data for Name: TuyChon; Type: TABLE DATA; Schema: public; Owner: postgres
--

COPY public."TuyChon" ("MaTuyChon", "TenTuyChon", "MaLoaiTuyChon", "TrangThai") FROM stdin;
1	Viền Phô Mai	1	Active
2	Viền Xúc Xích Phô Mai	1	Active
3	Thêm Phô Mai Mozzarella	2	Active
4	Thêm Tôm	2	Active
5	hehe	1	Active
\.


--
-- TOC entry 5211 (class 0 OID 25856)
-- Dependencies: 241
-- Data for Name: TuyChon_Gia; Type: TABLE DATA; Schema: public; Owner: postgres
--

COPY public."TuyChon_Gia" ("MaTuyChon", "MaSize", "GiaThem") FROM stdin;
2	1	45000.00
2	2	65000.00
4	1	35000.00
4	2	55000.00
1	2	50000.00
1	1	30000.00
3	1	25000.00
3	2	50000.00
5	1	30000.00
5	2	30000.00
\.


--
-- TOC entry 5213 (class 0 OID 25867)
-- Dependencies: 243
-- Data for Name: Voucher; Type: TABLE DATA; Schema: public; Owner: postgres
--

COPY public."Voucher" ("MaVoucher", "MoTa", "LoaiGiamGia", "GiaTri", "DieuKienApDung", "NgayBatDau", "NgayKetThuc", "SoLuong", "TrangThai") FROM stdin;
FREESHIP	Miễn phí vận chuyển (giảm 30k)	AMOUNT	30000.00	100000.00	2025-10-01 00:00:00	2025-11-30 23:59:59	500	Active
PIZZA20	Giảm 20% > 250k	PERCENT	20.00	250000.00	2025-10-01 00:00:00	2025-11-30 23:59:59	1000	Active
NHAGIAOVIETNAM	hHEHE2	AMOUNT	30000000.00	30000.00	2025-11-04 00:00:00	2025-11-21 00:00:00	300	Active
SORRY100T152	Voucher xin lỗi giao hàng trễ đơn #100	AMOUNT	20000.00	0.00	2025-12-01 15:24:55.439	2025-12-31 15:24:55.439	1	Active
\.


--
-- TOC entry 5252 (class 0 OID 0)
-- Dependencies: 269
-- Name: AI_ReviewAnalysis_AnalysisID_seq; Type: SEQUENCE SET; Schema: public; Owner: postgres
--

SELECT pg_catalog.setval('public."AI_ReviewAnalysis_AnalysisID_seq"', 7, true);


--
-- TOC entry 5253 (class 0 OID 0)
-- Dependencies: 232
-- Name: BienTheMonAn_MaBienThe_seq; Type: SEQUENCE SET; Schema: public; Owner: postgres
--

SELECT pg_catalog.setval('public."BienTheMonAn_MaBienThe_seq"', 23, true);


--
-- TOC entry 5254 (class 0 OID 0)
-- Dependencies: 257
-- Name: ChiTietDonHang_ChiTietCombo_MaCTDH_Combo_seq; Type: SEQUENCE SET; Schema: public; Owner: postgres
--

SELECT pg_catalog.setval('public."ChiTietDonHang_ChiTietCombo_MaCTDH_Combo_seq"', 28, true);


--
-- TOC entry 5255 (class 0 OID 0)
-- Dependencies: 248
-- Name: ChiTietDonHang_MaChiTiet_seq; Type: SEQUENCE SET; Schema: public; Owner: postgres
--

SELECT pg_catalog.setval('public."ChiTietDonHang_MaChiTiet_seq"', 155, true);


--
-- TOC entry 5256 (class 0 OID 0)
-- Dependencies: 219
-- Name: CoSo_MaCoSo_seq; Type: SEQUENCE SET; Schema: public; Owner: postgres
--

SELECT pg_catalog.setval('public."CoSo_MaCoSo_seq"', 2, true);


--
-- TOC entry 5257 (class 0 OID 0)
-- Dependencies: 264
-- Name: Combo_ChiTiet_MaCTCombo_seq; Type: SEQUENCE SET; Schema: public; Owner: postgres
--

SELECT pg_catalog.setval('public."Combo_ChiTiet_MaCTCombo_seq"', 10, true);


--
-- TOC entry 5258 (class 0 OID 0)
-- Dependencies: 255
-- Name: Combo_MaCombo_seq; Type: SEQUENCE SET; Schema: public; Owner: postgres
--

SELECT pg_catalog.setval('public."Combo_MaCombo_seq"', 3, true);


--
-- TOC entry 5259 (class 0 OID 0)
-- Dependencies: 259
-- Name: DanhGiaMonAn_MaDanhGiaMonAn_seq; Type: SEQUENCE SET; Schema: public; Owner: postgres
--

SELECT pg_catalog.setval('public."DanhGiaMonAn_MaDanhGiaMonAn_seq"', 31, true);


--
-- TOC entry 5260 (class 0 OID 0)
-- Dependencies: 253
-- Name: DanhGia_MaDanhGia_seq; Type: SEQUENCE SET; Schema: public; Owner: postgres
--

SELECT pg_catalog.setval('public."DanhGia_MaDanhGia_seq"', 12, true);


--
-- TOC entry 5261 (class 0 OID 0)
-- Dependencies: 225
-- Name: DanhMuc_MaDanhMuc_seq; Type: SEQUENCE SET; Schema: public; Owner: postgres
--

SELECT pg_catalog.setval('public."DanhMuc_MaDanhMuc_seq"', 19, true);


--
-- TOC entry 5262 (class 0 OID 0)
-- Dependencies: 234
-- Name: DeBanh_MaDeBanh_seq; Type: SEQUENCE SET; Schema: public; Owner: postgres
--

SELECT pg_catalog.setval('public."DeBanh_MaDeBanh_seq"', 2, true);


--
-- TOC entry 5263 (class 0 OID 0)
-- Dependencies: 244
-- Name: DonHang_MaDonHang_seq; Type: SEQUENCE SET; Schema: public; Owner: postgres
--

SELECT pg_catalog.setval('public."DonHang_MaDonHang_seq"', 100, true);


--
-- TOC entry 5264 (class 0 OID 0)
-- Dependencies: 261
-- Name: KhuyenMai_MaKhuyenMai_seq; Type: SEQUENCE SET; Schema: public; Owner: postgres
--

SELECT pg_catalog.setval('public."KhuyenMai_MaKhuyenMai_seq"', 3, true);


--
-- TOC entry 5265 (class 0 OID 0)
-- Dependencies: 246
-- Name: LichSuTrangThaiDonHang_MaLichSu_seq; Type: SEQUENCE SET; Schema: public; Owner: postgres
--

SELECT pg_catalog.setval('public."LichSuTrangThaiDonHang_MaLichSu_seq"', 172, true);


--
-- TOC entry 5266 (class 0 OID 0)
-- Dependencies: 223
-- Name: LoaiMonAn_MaLoaiMonAn_seq; Type: SEQUENCE SET; Schema: public; Owner: postgres
--

SELECT pg_catalog.setval('public."LoaiMonAn_MaLoaiMonAn_seq"', 6, true);


--
-- TOC entry 5267 (class 0 OID 0)
-- Dependencies: 237
-- Name: LoaiTuyChon_MaLoaiTuyChon_seq; Type: SEQUENCE SET; Schema: public; Owner: postgres
--

SELECT pg_catalog.setval('public."LoaiTuyChon_MaLoaiTuyChon_seq"', 2, true);


--
-- TOC entry 5268 (class 0 OID 0)
-- Dependencies: 227
-- Name: MonAn_MaMonAn_seq; Type: SEQUENCE SET; Schema: public; Owner: postgres
--

SELECT pg_catalog.setval('public."MonAn_MaMonAn_seq"', 11, true);


--
-- TOC entry 5269 (class 0 OID 0)
-- Dependencies: 221
-- Name: NguoiDung_MaNguoiDung_seq; Type: SEQUENCE SET; Schema: public; Owner: postgres
--

SELECT pg_catalog.setval('public."NguoiDung_MaNguoiDung_seq"', 16, true);


--
-- TOC entry 5270 (class 0 OID 0)
-- Dependencies: 266
-- Name: QuaTang_MaQuaTang_seq; Type: SEQUENCE SET; Schema: public; Owner: postgres
--

SELECT pg_catalog.setval('public."QuaTang_MaQuaTang_seq"', 6, true);


--
-- TOC entry 5271 (class 0 OID 0)
-- Dependencies: 230
-- Name: Size_MaSize_seq; Type: SEQUENCE SET; Schema: public; Owner: postgres
--

SELECT pg_catalog.setval('public."Size_MaSize_seq"', 2, true);


--
-- TOC entry 5272 (class 0 OID 0)
-- Dependencies: 217
-- Name: TaiKhoan_MaTaiKhoan_seq; Type: SEQUENCE SET; Schema: public; Owner: postgres
--

SELECT pg_catalog.setval('public."TaiKhoan_MaTaiKhoan_seq"', 16, true);


--
-- TOC entry 5273 (class 0 OID 0)
-- Dependencies: 251
-- Name: ThanhToan_MaThanhToan_seq; Type: SEQUENCE SET; Schema: public; Owner: postgres
--

SELECT pg_catalog.setval('public."ThanhToan_MaThanhToan_seq"', 104, true);


--
-- TOC entry 5274 (class 0 OID 0)
-- Dependencies: 239
-- Name: TuyChon_MaTuyChon_seq; Type: SEQUENCE SET; Schema: public; Owner: postgres
--

SELECT pg_catalog.setval('public."TuyChon_MaTuyChon_seq"', 5, true);


--
-- TOC entry 5001 (class 2606 OID 50047)
-- Name: AI_ReviewAnalysis AI_ReviewAnalysis_pkey; Type: CONSTRAINT; Schema: public; Owner: postgres
--

ALTER TABLE ONLY public."AI_ReviewAnalysis"
    ADD CONSTRAINT "AI_ReviewAnalysis_pkey" PRIMARY KEY ("AnalysisID");


--
-- TOC entry 4947 (class 2606 OID 25828)
-- Name: BienTheMonAn BienTheMonAn_pkey; Type: CONSTRAINT; Schema: public; Owner: postgres
--

ALTER TABLE ONLY public."BienTheMonAn"
    ADD CONSTRAINT "BienTheMonAn_pkey" PRIMARY KEY ("MaBienThe");


--
-- TOC entry 4985 (class 2606 OID 33433)
-- Name: ChiTietDonHang_ChiTietCombo ChiTietDonHang_ChiTietCombo_pkey; Type: CONSTRAINT; Schema: public; Owner: postgres
--

ALTER TABLE ONLY public."ChiTietDonHang_ChiTietCombo"
    ADD CONSTRAINT "ChiTietDonHang_ChiTietCombo_pkey" PRIMARY KEY ("MaCTDH_Combo");


--
-- TOC entry 4973 (class 2606 OID 25905)
-- Name: ChiTietDonHang_TuyChon ChiTietDonHang_TuyChon_pkey; Type: CONSTRAINT; Schema: public; Owner: postgres
--

ALTER TABLE ONLY public."ChiTietDonHang_TuyChon"
    ADD CONSTRAINT "ChiTietDonHang_TuyChon_pkey" PRIMARY KEY ("MaChiTiet", "MaTuyChon");


--
-- TOC entry 4971 (class 2606 OID 25900)
-- Name: ChiTietDonHang ChiTietDonHang_pkey; Type: CONSTRAINT; Schema: public; Owner: postgres
--

ALTER TABLE ONLY public."ChiTietDonHang"
    ADD CONSTRAINT "ChiTietDonHang_pkey" PRIMARY KEY ("MaChiTiet");


--
-- TOC entry 4923 (class 2606 OID 25773)
-- Name: CoSo CoSo_pkey; Type: CONSTRAINT; Schema: public; Owner: postgres
--

ALTER TABLE ONLY public."CoSo"
    ADD CONSTRAINT "CoSo_pkey" PRIMARY KEY ("MaCoSo");


--
-- TOC entry 4993 (class 2606 OID 33617)
-- Name: Combo_ChiTiet Combo_ChiTiet_Unique; Type: CONSTRAINT; Schema: public; Owner: postgres
--

ALTER TABLE ONLY public."Combo_ChiTiet"
    ADD CONSTRAINT "Combo_ChiTiet_Unique" UNIQUE ("MaCombo", "MaBienThe");


--
-- TOC entry 4995 (class 2606 OID 33615)
-- Name: Combo_ChiTiet Combo_ChiTiet_pkey; Type: CONSTRAINT; Schema: public; Owner: postgres
--

ALTER TABLE ONLY public."Combo_ChiTiet"
    ADD CONSTRAINT "Combo_ChiTiet_pkey" PRIMARY KEY ("MaCTCombo");


--
-- TOC entry 4983 (class 2606 OID 33357)
-- Name: Combo Combo_pkey; Type: CONSTRAINT; Schema: public; Owner: postgres
--

ALTER TABLE ONLY public."Combo"
    ADD CONSTRAINT "Combo_pkey" PRIMARY KEY ("MaCombo");


--
-- TOC entry 4987 (class 2606 OID 33460)
-- Name: DanhGiaMonAn DanhGiaMonAn_pkey; Type: CONSTRAINT; Schema: public; Owner: postgres
--

ALTER TABLE ONLY public."DanhGiaMonAn"
    ADD CONSTRAINT "DanhGiaMonAn_pkey" PRIMARY KEY ("MaDanhGiaMonAn");


--
-- TOC entry 4979 (class 2606 OID 25927)
-- Name: DanhGiaDonHang DanhGia_MaDonHang_key; Type: CONSTRAINT; Schema: public; Owner: postgres
--

ALTER TABLE ONLY public."DanhGiaDonHang"
    ADD CONSTRAINT "DanhGia_MaDonHang_key" UNIQUE ("MaDonHang");


--
-- TOC entry 4981 (class 2606 OID 25925)
-- Name: DanhGiaDonHang DanhGia_pkey; Type: CONSTRAINT; Schema: public; Owner: postgres
--

ALTER TABLE ONLY public."DanhGiaDonHang"
    ADD CONSTRAINT "DanhGia_pkey" PRIMARY KEY ("MaDanhGiaDonHang");


--
-- TOC entry 4935 (class 2606 OID 25801)
-- Name: DanhMuc DanhMuc_TenDanhMuc_key; Type: CONSTRAINT; Schema: public; Owner: postgres
--

ALTER TABLE ONLY public."DanhMuc"
    ADD CONSTRAINT "DanhMuc_TenDanhMuc_key" UNIQUE ("TenDanhMuc");


--
-- TOC entry 4937 (class 2606 OID 25799)
-- Name: DanhMuc DanhMuc_pkey; Type: CONSTRAINT; Schema: public; Owner: postgres
--

ALTER TABLE ONLY public."DanhMuc"
    ADD CONSTRAINT "DanhMuc_pkey" PRIMARY KEY ("MaDanhMuc");


--
-- TOC entry 4949 (class 2606 OID 25836)
-- Name: DeBanh DeBanh_TenDeBanh_key; Type: CONSTRAINT; Schema: public; Owner: postgres
--

ALTER TABLE ONLY public."DeBanh"
    ADD CONSTRAINT "DeBanh_TenDeBanh_key" UNIQUE ("TenDeBanh");


--
-- TOC entry 4951 (class 2606 OID 25834)
-- Name: DeBanh DeBanh_pkey; Type: CONSTRAINT; Schema: public; Owner: postgres
--

ALTER TABLE ONLY public."DeBanh"
    ADD CONSTRAINT "DeBanh_pkey" PRIMARY KEY ("MaDeBanh");


--
-- TOC entry 4999 (class 2606 OID 41841)
-- Name: DonHang_QuaTang DonHang_QuaTang_pkey; Type: CONSTRAINT; Schema: public; Owner: postgres
--

ALTER TABLE ONLY public."DonHang_QuaTang"
    ADD CONSTRAINT "DonHang_QuaTang_pkey" PRIMARY KEY ("MaDonHang", "MaQuaTang");


--
-- TOC entry 4967 (class 2606 OID 25884)
-- Name: DonHang DonHang_pkey; Type: CONSTRAINT; Schema: public; Owner: postgres
--

ALTER TABLE ONLY public."DonHang"
    ADD CONSTRAINT "DonHang_pkey" PRIMARY KEY ("MaDonHang");


--
-- TOC entry 4989 (class 2606 OID 33483)
-- Name: KhuyenMai KhuyenMai_pkey; Type: CONSTRAINT; Schema: public; Owner: postgres
--

ALTER TABLE ONLY public."KhuyenMai"
    ADD CONSTRAINT "KhuyenMai_pkey" PRIMARY KEY ("MaKhuyenMai");


--
-- TOC entry 4969 (class 2606 OID 25893)
-- Name: LichSuTrangThaiDonHang LichSuTrangThaiDonHang_pkey; Type: CONSTRAINT; Schema: public; Owner: postgres
--

ALTER TABLE ONLY public."LichSuTrangThaiDonHang"
    ADD CONSTRAINT "LichSuTrangThaiDonHang_pkey" PRIMARY KEY ("MaLichSu");


--
-- TOC entry 4931 (class 2606 OID 25793)
-- Name: LoaiMonAn LoaiMonAn_TenLoaiMonAn_key; Type: CONSTRAINT; Schema: public; Owner: postgres
--

ALTER TABLE ONLY public."LoaiMonAn"
    ADD CONSTRAINT "LoaiMonAn_TenLoaiMonAn_key" UNIQUE ("TenLoaiMonAn");


--
-- TOC entry 4933 (class 2606 OID 25791)
-- Name: LoaiMonAn LoaiMonAn_pkey; Type: CONSTRAINT; Schema: public; Owner: postgres
--

ALTER TABLE ONLY public."LoaiMonAn"
    ADD CONSTRAINT "LoaiMonAn_pkey" PRIMARY KEY ("MaLoaiMonAn");


--
-- TOC entry 4955 (class 2606 OID 25849)
-- Name: LoaiTuyChon LoaiTuyChon_TenLoaiTuyChon_key; Type: CONSTRAINT; Schema: public; Owner: postgres
--

ALTER TABLE ONLY public."LoaiTuyChon"
    ADD CONSTRAINT "LoaiTuyChon_TenLoaiTuyChon_key" UNIQUE ("TenLoaiTuyChon");


--
-- TOC entry 4957 (class 2606 OID 25847)
-- Name: LoaiTuyChon LoaiTuyChon_pkey; Type: CONSTRAINT; Schema: public; Owner: postgres
--

ALTER TABLE ONLY public."LoaiTuyChon"
    ADD CONSTRAINT "LoaiTuyChon_pkey" PRIMARY KEY ("MaLoaiTuyChon");


--
-- TOC entry 4941 (class 2606 OID 25814)
-- Name: MonAn_DanhMuc MonAn_DanhMuc_pkey; Type: CONSTRAINT; Schema: public; Owner: postgres
--

ALTER TABLE ONLY public."MonAn_DanhMuc"
    ADD CONSTRAINT "MonAn_DanhMuc_pkey" PRIMARY KEY ("MaMonAn", "MaDanhMuc");


--
-- TOC entry 4953 (class 2606 OID 25841)
-- Name: MonAn_DeBanh MonAn_DeBanh_pkey; Type: CONSTRAINT; Schema: public; Owner: postgres
--

ALTER TABLE ONLY public."MonAn_DeBanh"
    ADD CONSTRAINT "MonAn_DeBanh_pkey" PRIMARY KEY ("MaMonAn", "MaDeBanh");


--
-- TOC entry 4991 (class 2606 OID 33488)
-- Name: MonAn_KhuyenMai MonAn_KhuyenMai_pkey; Type: CONSTRAINT; Schema: public; Owner: postgres
--

ALTER TABLE ONLY public."MonAn_KhuyenMai"
    ADD CONSTRAINT "MonAn_KhuyenMai_pkey" PRIMARY KEY ("MaMonAn", "MaKhuyenMai");


--
-- TOC entry 4963 (class 2606 OID 25866)
-- Name: MonAn_TuyChon MonAn_TuyChon_pkey; Type: CONSTRAINT; Schema: public; Owner: postgres
--

ALTER TABLE ONLY public."MonAn_TuyChon"
    ADD CONSTRAINT "MonAn_TuyChon_pkey" PRIMARY KEY ("MaMonAn", "MaTuyChon");


--
-- TOC entry 4939 (class 2606 OID 25809)
-- Name: MonAn MonAn_pkey; Type: CONSTRAINT; Schema: public; Owner: postgres
--

ALTER TABLE ONLY public."MonAn"
    ADD CONSTRAINT "MonAn_pkey" PRIMARY KEY ("MaMonAn");


--
-- TOC entry 4925 (class 2606 OID 25783)
-- Name: NguoiDung NguoiDung_MaTaiKhoan_key; Type: CONSTRAINT; Schema: public; Owner: postgres
--

ALTER TABLE ONLY public."NguoiDung"
    ADD CONSTRAINT "NguoiDung_MaTaiKhoan_key" UNIQUE ("MaTaiKhoan");


--
-- TOC entry 4927 (class 2606 OID 25785)
-- Name: NguoiDung NguoiDung_SoDienThoai_key; Type: CONSTRAINT; Schema: public; Owner: postgres
--

ALTER TABLE ONLY public."NguoiDung"
    ADD CONSTRAINT "NguoiDung_SoDienThoai_key" UNIQUE ("SoDienThoai");


--
-- TOC entry 4929 (class 2606 OID 25781)
-- Name: NguoiDung NguoiDung_pkey; Type: CONSTRAINT; Schema: public; Owner: postgres
--

ALTER TABLE ONLY public."NguoiDung"
    ADD CONSTRAINT "NguoiDung_pkey" PRIMARY KEY ("MaNguoiDung");


--
-- TOC entry 4997 (class 2606 OID 41835)
-- Name: QuaTang QuaTang_pkey; Type: CONSTRAINT; Schema: public; Owner: postgres
--

ALTER TABLE ONLY public."QuaTang"
    ADD CONSTRAINT "QuaTang_pkey" PRIMARY KEY ("MaQuaTang");


--
-- TOC entry 4943 (class 2606 OID 25822)
-- Name: Size Size_TenSize_key; Type: CONSTRAINT; Schema: public; Owner: postgres
--

ALTER TABLE ONLY public."Size"
    ADD CONSTRAINT "Size_TenSize_key" UNIQUE ("TenSize");


--
-- TOC entry 4945 (class 2606 OID 25820)
-- Name: Size Size_pkey; Type: CONSTRAINT; Schema: public; Owner: postgres
--

ALTER TABLE ONLY public."Size"
    ADD CONSTRAINT "Size_pkey" PRIMARY KEY ("MaSize");


--
-- TOC entry 4919 (class 2606 OID 26060)
-- Name: TaiKhoan TaiKhoan_Email_key; Type: CONSTRAINT; Schema: public; Owner: postgres
--

ALTER TABLE ONLY public."TaiKhoan"
    ADD CONSTRAINT "TaiKhoan_Email_key" UNIQUE ("Email");


--
-- TOC entry 4921 (class 2606 OID 25763)
-- Name: TaiKhoan TaiKhoan_pkey; Type: CONSTRAINT; Schema: public; Owner: postgres
--

ALTER TABLE ONLY public."TaiKhoan"
    ADD CONSTRAINT "TaiKhoan_pkey" PRIMARY KEY ("MaTaiKhoan");


--
-- TOC entry 4975 (class 2606 OID 25916)
-- Name: ThanhToan ThanhToan_MaGiaoDich_key; Type: CONSTRAINT; Schema: public; Owner: postgres
--

ALTER TABLE ONLY public."ThanhToan"
    ADD CONSTRAINT "ThanhToan_MaGiaoDich_key" UNIQUE ("MaGiaoDich");


--
-- TOC entry 4977 (class 2606 OID 25912)
-- Name: ThanhToan ThanhToan_pkey; Type: CONSTRAINT; Schema: public; Owner: postgres
--

ALTER TABLE ONLY public."ThanhToan"
    ADD CONSTRAINT "ThanhToan_pkey" PRIMARY KEY ("MaThanhToan");


--
-- TOC entry 4961 (class 2606 OID 25861)
-- Name: TuyChon_Gia TuyChon_Gia_pkey; Type: CONSTRAINT; Schema: public; Owner: postgres
--

ALTER TABLE ONLY public."TuyChon_Gia"
    ADD CONSTRAINT "TuyChon_Gia_pkey" PRIMARY KEY ("MaTuyChon", "MaSize");


--
-- TOC entry 4959 (class 2606 OID 25855)
-- Name: TuyChon TuyChon_pkey; Type: CONSTRAINT; Schema: public; Owner: postgres
--

ALTER TABLE ONLY public."TuyChon"
    ADD CONSTRAINT "TuyChon_pkey" PRIMARY KEY ("MaTuyChon");


--
-- TOC entry 4965 (class 2606 OID 25875)
-- Name: Voucher Voucher_pkey; Type: CONSTRAINT; Schema: public; Owner: postgres
--

ALTER TABLE ONLY public."Voucher"
    ADD CONSTRAINT "Voucher_pkey" PRIMARY KEY ("MaVoucher");


--
-- TOC entry 5007 (class 2606 OID 25953)
-- Name: BienTheMonAn BienTheMonAn_MaMonAn_fkey; Type: FK CONSTRAINT; Schema: public; Owner: postgres
--

ALTER TABLE ONLY public."BienTheMonAn"
    ADD CONSTRAINT "BienTheMonAn_MaMonAn_fkey" FOREIGN KEY ("MaMonAn") REFERENCES public."MonAn"("MaMonAn");


--
-- TOC entry 5008 (class 2606 OID 25958)
-- Name: BienTheMonAn BienTheMonAn_MaSize_fkey; Type: FK CONSTRAINT; Schema: public; Owner: postgres
--

ALTER TABLE ONLY public."BienTheMonAn"
    ADD CONSTRAINT "BienTheMonAn_MaSize_fkey" FOREIGN KEY ("MaSize") REFERENCES public."Size"("MaSize");


--
-- TOC entry 5029 (class 2606 OID 33439)
-- Name: ChiTietDonHang_ChiTietCombo ChiTietDonHang_ChiTietCombo_MaBienThe_fkey; Type: FK CONSTRAINT; Schema: public; Owner: postgres
--

ALTER TABLE ONLY public."ChiTietDonHang_ChiTietCombo"
    ADD CONSTRAINT "ChiTietDonHang_ChiTietCombo_MaBienThe_fkey" FOREIGN KEY ("MaBienThe") REFERENCES public."BienTheMonAn"("MaBienThe");


--
-- TOC entry 5030 (class 2606 OID 33434)
-- Name: ChiTietDonHang_ChiTietCombo ChiTietDonHang_ChiTietCombo_MaChiTietDonHang_fkey; Type: FK CONSTRAINT; Schema: public; Owner: postgres
--

ALTER TABLE ONLY public."ChiTietDonHang_ChiTietCombo"
    ADD CONSTRAINT "ChiTietDonHang_ChiTietCombo_MaChiTietDonHang_fkey" FOREIGN KEY ("MaChiTietDonHang") REFERENCES public."ChiTietDonHang"("MaChiTiet") ON DELETE CASCADE;


--
-- TOC entry 5031 (class 2606 OID 33444)
-- Name: ChiTietDonHang_ChiTietCombo ChiTietDonHang_ChiTietCombo_MaDeBanh_fkey; Type: FK CONSTRAINT; Schema: public; Owner: postgres
--

ALTER TABLE ONLY public."ChiTietDonHang_ChiTietCombo"
    ADD CONSTRAINT "ChiTietDonHang_ChiTietCombo_MaDeBanh_fkey" FOREIGN KEY ("MaDeBanh") REFERENCES public."DeBanh"("MaDeBanh");


--
-- TOC entry 5021 (class 2606 OID 26028)
-- Name: ChiTietDonHang ChiTietDonHang_MaBienThe_fkey; Type: FK CONSTRAINT; Schema: public; Owner: postgres
--

ALTER TABLE ONLY public."ChiTietDonHang"
    ADD CONSTRAINT "ChiTietDonHang_MaBienThe_fkey" FOREIGN KEY ("MaBienThe") REFERENCES public."BienTheMonAn"("MaBienThe");


--
-- TOC entry 5022 (class 2606 OID 33374)
-- Name: ChiTietDonHang ChiTietDonHang_MaCombo_fkey; Type: FK CONSTRAINT; Schema: public; Owner: postgres
--

ALTER TABLE ONLY public."ChiTietDonHang"
    ADD CONSTRAINT "ChiTietDonHang_MaCombo_fkey" FOREIGN KEY ("MaCombo") REFERENCES public."Combo"("MaCombo");


--
-- TOC entry 5023 (class 2606 OID 26033)
-- Name: ChiTietDonHang ChiTietDonHang_MaDeBanh_fkey; Type: FK CONSTRAINT; Schema: public; Owner: postgres
--

ALTER TABLE ONLY public."ChiTietDonHang"
    ADD CONSTRAINT "ChiTietDonHang_MaDeBanh_fkey" FOREIGN KEY ("MaDeBanh") REFERENCES public."DeBanh"("MaDeBanh");


--
-- TOC entry 5024 (class 2606 OID 26023)
-- Name: ChiTietDonHang ChiTietDonHang_MaDonHang_fkey; Type: FK CONSTRAINT; Schema: public; Owner: postgres
--

ALTER TABLE ONLY public."ChiTietDonHang"
    ADD CONSTRAINT "ChiTietDonHang_MaDonHang_fkey" FOREIGN KEY ("MaDonHang") REFERENCES public."DonHang"("MaDonHang");


--
-- TOC entry 5025 (class 2606 OID 26038)
-- Name: ChiTietDonHang_TuyChon ChiTietDonHang_TuyChon_MaChiTiet_fkey; Type: FK CONSTRAINT; Schema: public; Owner: postgres
--

ALTER TABLE ONLY public."ChiTietDonHang_TuyChon"
    ADD CONSTRAINT "ChiTietDonHang_TuyChon_MaChiTiet_fkey" FOREIGN KEY ("MaChiTiet") REFERENCES public."ChiTietDonHang"("MaChiTiet");


--
-- TOC entry 5026 (class 2606 OID 26043)
-- Name: ChiTietDonHang_TuyChon ChiTietDonHang_TuyChon_MaTuyChon_fkey; Type: FK CONSTRAINT; Schema: public; Owner: postgres
--

ALTER TABLE ONLY public."ChiTietDonHang_TuyChon"
    ADD CONSTRAINT "ChiTietDonHang_TuyChon_MaTuyChon_fkey" FOREIGN KEY ("MaTuyChon") REFERENCES public."TuyChon"("MaTuyChon");


--
-- TOC entry 5036 (class 2606 OID 33623)
-- Name: Combo_ChiTiet Combo_ChiTiet_MaBienThe_fkey; Type: FK CONSTRAINT; Schema: public; Owner: postgres
--

ALTER TABLE ONLY public."Combo_ChiTiet"
    ADD CONSTRAINT "Combo_ChiTiet_MaBienThe_fkey" FOREIGN KEY ("MaBienThe") REFERENCES public."BienTheMonAn"("MaBienThe");


--
-- TOC entry 5037 (class 2606 OID 33618)
-- Name: Combo_ChiTiet Combo_ChiTiet_MaCombo_fkey; Type: FK CONSTRAINT; Schema: public; Owner: postgres
--

ALTER TABLE ONLY public."Combo_ChiTiet"
    ADD CONSTRAINT "Combo_ChiTiet_MaCombo_fkey" FOREIGN KEY ("MaCombo") REFERENCES public."Combo"("MaCombo") ON DELETE CASCADE;


--
-- TOC entry 5038 (class 2606 OID 33628)
-- Name: Combo_ChiTiet Combo_ChiTiet_MaDeBanh_fkey; Type: FK CONSTRAINT; Schema: public; Owner: postgres
--

ALTER TABLE ONLY public."Combo_ChiTiet"
    ADD CONSTRAINT "Combo_ChiTiet_MaDeBanh_fkey" FOREIGN KEY ("MaDeBanh") REFERENCES public."DeBanh"("MaDeBanh");


--
-- TOC entry 5032 (class 2606 OID 33461)
-- Name: DanhGiaMonAn DanhGiaMonAn_MaMonAn_fkey; Type: FK CONSTRAINT; Schema: public; Owner: postgres
--

ALTER TABLE ONLY public."DanhGiaMonAn"
    ADD CONSTRAINT "DanhGiaMonAn_MaMonAn_fkey" FOREIGN KEY ("MaMonAn") REFERENCES public."MonAn"("MaMonAn") ON DELETE CASCADE;


--
-- TOC entry 5033 (class 2606 OID 33466)
-- Name: DanhGiaMonAn DanhGiaMonAn_MaTaiKhoan_fkey; Type: FK CONSTRAINT; Schema: public; Owner: postgres
--

ALTER TABLE ONLY public."DanhGiaMonAn"
    ADD CONSTRAINT "DanhGiaMonAn_MaTaiKhoan_fkey" FOREIGN KEY ("MaTaiKhoan") REFERENCES public."TaiKhoan"("MaTaiKhoan") ON DELETE CASCADE;


--
-- TOC entry 5028 (class 2606 OID 26053)
-- Name: DanhGiaDonHang DanhGia_MaDonHang_fkey; Type: FK CONSTRAINT; Schema: public; Owner: postgres
--

ALTER TABLE ONLY public."DanhGiaDonHang"
    ADD CONSTRAINT "DanhGia_MaDonHang_fkey" FOREIGN KEY ("MaDonHang") REFERENCES public."DonHang"("MaDonHang");


--
-- TOC entry 5016 (class 2606 OID 26003)
-- Name: DonHang DonHang_MaCoSo_fkey; Type: FK CONSTRAINT; Schema: public; Owner: postgres
--

ALTER TABLE ONLY public."DonHang"
    ADD CONSTRAINT "DonHang_MaCoSo_fkey" FOREIGN KEY ("MaCoSo") REFERENCES public."CoSo"("MaCoSo");


--
-- TOC entry 5017 (class 2606 OID 26008)
-- Name: DonHang DonHang_MaNguoiDungGiaoHang_fkey; Type: FK CONSTRAINT; Schema: public; Owner: postgres
--

ALTER TABLE ONLY public."DonHang"
    ADD CONSTRAINT "DonHang_MaNguoiDungGiaoHang_fkey" FOREIGN KEY ("MaNguoiDungGiaoHang") REFERENCES public."NguoiDung"("MaNguoiDung");


--
-- TOC entry 5018 (class 2606 OID 25998)
-- Name: DonHang DonHang_MaNguoiDung_fkey; Type: FK CONSTRAINT; Schema: public; Owner: postgres
--

ALTER TABLE ONLY public."DonHang"
    ADD CONSTRAINT "DonHang_MaNguoiDung_fkey" FOREIGN KEY ("MaNguoiDung") REFERENCES public."NguoiDung"("MaNguoiDung");


--
-- TOC entry 5019 (class 2606 OID 26013)
-- Name: DonHang DonHang_MaVoucher_fkey; Type: FK CONSTRAINT; Schema: public; Owner: postgres
--

ALTER TABLE ONLY public."DonHang"
    ADD CONSTRAINT "DonHang_MaVoucher_fkey" FOREIGN KEY ("MaVoucher") REFERENCES public."Voucher"("MaVoucher");


--
-- TOC entry 5039 (class 2606 OID 41842)
-- Name: DonHang_QuaTang FK_DonHang_QuaTang_DonHang; Type: FK CONSTRAINT; Schema: public; Owner: postgres
--

ALTER TABLE ONLY public."DonHang_QuaTang"
    ADD CONSTRAINT "FK_DonHang_QuaTang_DonHang" FOREIGN KEY ("MaDonHang") REFERENCES public."DonHang"("MaDonHang");


--
-- TOC entry 5040 (class 2606 OID 41847)
-- Name: DonHang_QuaTang FK_DonHang_QuaTang_QuaTang; Type: FK CONSTRAINT; Schema: public; Owner: postgres
--

ALTER TABLE ONLY public."DonHang_QuaTang"
    ADD CONSTRAINT "FK_DonHang_QuaTang_QuaTang" FOREIGN KEY ("MaQuaTang") REFERENCES public."QuaTang"("MaQuaTang");


--
-- TOC entry 5020 (class 2606 OID 26018)
-- Name: LichSuTrangThaiDonHang LichSuTrangThaiDonHang_MaDonHang_fkey; Type: FK CONSTRAINT; Schema: public; Owner: postgres
--

ALTER TABLE ONLY public."LichSuTrangThaiDonHang"
    ADD CONSTRAINT "LichSuTrangThaiDonHang_MaDonHang_fkey" FOREIGN KEY ("MaDonHang") REFERENCES public."DonHang"("MaDonHang");


--
-- TOC entry 5005 (class 2606 OID 25948)
-- Name: MonAn_DanhMuc MonAn_DanhMuc_MaDanhMuc_fkey; Type: FK CONSTRAINT; Schema: public; Owner: postgres
--

ALTER TABLE ONLY public."MonAn_DanhMuc"
    ADD CONSTRAINT "MonAn_DanhMuc_MaDanhMuc_fkey" FOREIGN KEY ("MaDanhMuc") REFERENCES public."DanhMuc"("MaDanhMuc");


--
-- TOC entry 5006 (class 2606 OID 25943)
-- Name: MonAn_DanhMuc MonAn_DanhMuc_MaMonAn_fkey; Type: FK CONSTRAINT; Schema: public; Owner: postgres
--

ALTER TABLE ONLY public."MonAn_DanhMuc"
    ADD CONSTRAINT "MonAn_DanhMuc_MaMonAn_fkey" FOREIGN KEY ("MaMonAn") REFERENCES public."MonAn"("MaMonAn");


--
-- TOC entry 5009 (class 2606 OID 25968)
-- Name: MonAn_DeBanh MonAn_DeBanh_MaDeBanh_fkey; Type: FK CONSTRAINT; Schema: public; Owner: postgres
--

ALTER TABLE ONLY public."MonAn_DeBanh"
    ADD CONSTRAINT "MonAn_DeBanh_MaDeBanh_fkey" FOREIGN KEY ("MaDeBanh") REFERENCES public."DeBanh"("MaDeBanh");


--
-- TOC entry 5010 (class 2606 OID 25963)
-- Name: MonAn_DeBanh MonAn_DeBanh_MaMonAn_fkey; Type: FK CONSTRAINT; Schema: public; Owner: postgres
--

ALTER TABLE ONLY public."MonAn_DeBanh"
    ADD CONSTRAINT "MonAn_DeBanh_MaMonAn_fkey" FOREIGN KEY ("MaMonAn") REFERENCES public."MonAn"("MaMonAn");


--
-- TOC entry 5004 (class 2606 OID 25938)
-- Name: MonAn MonAn_MaLoaiMonAn_fkey; Type: FK CONSTRAINT; Schema: public; Owner: postgres
--

ALTER TABLE ONLY public."MonAn"
    ADD CONSTRAINT "MonAn_MaLoaiMonAn_fkey" FOREIGN KEY ("MaLoaiMonAn") REFERENCES public."LoaiMonAn"("MaLoaiMonAn");


--
-- TOC entry 5014 (class 2606 OID 25988)
-- Name: MonAn_TuyChon MonAn_TuyChon_MaMonAn_fkey; Type: FK CONSTRAINT; Schema: public; Owner: postgres
--

ALTER TABLE ONLY public."MonAn_TuyChon"
    ADD CONSTRAINT "MonAn_TuyChon_MaMonAn_fkey" FOREIGN KEY ("MaMonAn") REFERENCES public."MonAn"("MaMonAn");


--
-- TOC entry 5015 (class 2606 OID 25993)
-- Name: MonAn_TuyChon MonAn_TuyChon_MaTuyChon_fkey; Type: FK CONSTRAINT; Schema: public; Owner: postgres
--

ALTER TABLE ONLY public."MonAn_TuyChon"
    ADD CONSTRAINT "MonAn_TuyChon_MaTuyChon_fkey" FOREIGN KEY ("MaTuyChon") REFERENCES public."TuyChon"("MaTuyChon");


--
-- TOC entry 5002 (class 2606 OID 25933)
-- Name: NguoiDung NguoiDung_MaCoSo_fkey; Type: FK CONSTRAINT; Schema: public; Owner: postgres
--

ALTER TABLE ONLY public."NguoiDung"
    ADD CONSTRAINT "NguoiDung_MaCoSo_fkey" FOREIGN KEY ("MaCoSo") REFERENCES public."CoSo"("MaCoSo");


--
-- TOC entry 5003 (class 2606 OID 25928)
-- Name: NguoiDung NguoiDung_MaTaiKhoan_fkey; Type: FK CONSTRAINT; Schema: public; Owner: postgres
--

ALTER TABLE ONLY public."NguoiDung"
    ADD CONSTRAINT "NguoiDung_MaTaiKhoan_fkey" FOREIGN KEY ("MaTaiKhoan") REFERENCES public."TaiKhoan"("MaTaiKhoan");


--
-- TOC entry 5027 (class 2606 OID 26048)
-- Name: ThanhToan ThanhToan_MaDonHang_fkey; Type: FK CONSTRAINT; Schema: public; Owner: postgres
--

ALTER TABLE ONLY public."ThanhToan"
    ADD CONSTRAINT "ThanhToan_MaDonHang_fkey" FOREIGN KEY ("MaDonHang") REFERENCES public."DonHang"("MaDonHang");


--
-- TOC entry 5012 (class 2606 OID 25983)
-- Name: TuyChon_Gia TuyChon_Gia_MaSize_fkey; Type: FK CONSTRAINT; Schema: public; Owner: postgres
--

ALTER TABLE ONLY public."TuyChon_Gia"
    ADD CONSTRAINT "TuyChon_Gia_MaSize_fkey" FOREIGN KEY ("MaSize") REFERENCES public."Size"("MaSize");


--
-- TOC entry 5013 (class 2606 OID 25978)
-- Name: TuyChon_Gia TuyChon_Gia_MaTuyChon_fkey; Type: FK CONSTRAINT; Schema: public; Owner: postgres
--

ALTER TABLE ONLY public."TuyChon_Gia"
    ADD CONSTRAINT "TuyChon_Gia_MaTuyChon_fkey" FOREIGN KEY ("MaTuyChon") REFERENCES public."TuyChon"("MaTuyChon");


--
-- TOC entry 5011 (class 2606 OID 25973)
-- Name: TuyChon TuyChon_MaLoaiTuyChon_fkey; Type: FK CONSTRAINT; Schema: public; Owner: postgres
--

ALTER TABLE ONLY public."TuyChon"
    ADD CONSTRAINT "TuyChon_MaLoaiTuyChon_fkey" FOREIGN KEY ("MaLoaiTuyChon") REFERENCES public."LoaiTuyChon"("MaLoaiTuyChon");


--
-- TOC entry 5034 (class 2606 OID 33494)
-- Name: MonAn_KhuyenMai fk_khuyenmai; Type: FK CONSTRAINT; Schema: public; Owner: postgres
--

ALTER TABLE ONLY public."MonAn_KhuyenMai"
    ADD CONSTRAINT fk_khuyenmai FOREIGN KEY ("MaKhuyenMai") REFERENCES public."KhuyenMai"("MaKhuyenMai") ON DELETE CASCADE;


--
-- TOC entry 5035 (class 2606 OID 33489)
-- Name: MonAn_KhuyenMai fk_monan; Type: FK CONSTRAINT; Schema: public; Owner: postgres
--

ALTER TABLE ONLY public."MonAn_KhuyenMai"
    ADD CONSTRAINT fk_monan FOREIGN KEY ("MaMonAn") REFERENCES public."MonAn"("MaMonAn") ON DELETE CASCADE;


--
-- TOC entry 5041 (class 2606 OID 50048)
-- Name: AI_ReviewAnalysis fk_review; Type: FK CONSTRAINT; Schema: public; Owner: postgres
--

ALTER TABLE ONLY public."AI_ReviewAnalysis"
    ADD CONSTRAINT fk_review FOREIGN KEY ("MaDanhGiaDonHang") REFERENCES public."DanhGiaDonHang"("MaDanhGiaDonHang") ON DELETE CASCADE;


-- Completed on 2025-12-02 07:05:57

--
-- PostgreSQL database dump complete
--

